fyuA_1	1	0	.	.	ybt:fyuA
fyuA_2	1	0	.	.	ybt:fyuA
fyuA_3	1	0	.	.	ybt:fyuA
fyuA_4	1	0	.	.	ybt:fyuA
fyuA_5	1	0	.	.	ybt:fyuA
fyuA_6	1	0	.	.	ybt:fyuA
fyuA_7	1	0	.	.	ybt:fyuA
fyuA_8	1	0	.	.	ybt:fyuA
fyuA_9	1	0	.	.	ybt:fyuA
fyuA_10	1	0	.	.	ybt:fyuA
fyuA_11	1	0	.	.	ybt:fyuA
fyuA_12	1	0	.	.	ybt:fyuA
fyuA_13	1	0	.	.	ybt:fyuA
fyuA_14	1	0	.	.	ybt:fyuA
fyuA_15	1	0	.	.	ybt:fyuA
fyuA_16	1	0	.	.	ybt:fyuA
fyuA_17	1	0	.	.	ybt:fyuA
fyuA_18	1	0	.	.	ybt:fyuA
fyuA_19	1	0	.	.	ybt:fyuA
fyuA_20	1	0	.	.	ybt:fyuA
fyuA_21	1	0	.	.	ybt:fyuA
fyuA_22	1	0	.	.	ybt:fyuA
fyuA_23	1	0	.	.	ybt:fyuA
fyuA_24	1	0	.	.	ybt:fyuA
fyuA_25	1	0	.	.	ybt:fyuA
fyuA_26	1	0	.	.	ybt:fyuA
fyuA_27	1	0	.	.	ybt:fyuA
fyuA_28	1	0	.	.	ybt:fyuA
fyuA_29	1	0	.	.	ybt:fyuA
fyuA_30	1	0	.	.	ybt:fyuA
fyuA_31	1	0	.	.	ybt:fyuA
fyuA_32	1	0	.	.	ybt:fyuA
fyuA_33	1	0	.	.	ybt:fyuA
fyuA_34	1	0	.	.	ybt:fyuA
fyuA_35	1	0	.	.	ybt:fyuA
fyuA_36	1	0	.	.	ybt:fyuA
fyuA_37	1	0	.	.	ybt:fyuA
fyuA_38	1	0	.	.	ybt:fyuA
fyuA_39	1	0	.	.	ybt:fyuA
fyuA_40	1	0	.	.	ybt:fyuA
fyuA_41	1	0	.	.	ybt:fyuA
fyuA_42	1	0	.	.	ybt:fyuA
fyuA_43	1	0	.	.	ybt:fyuA
fyuA_44	1	0	.	.	ybt:fyuA
fyuA_45	1	0	.	.	ybt:fyuA
fyuA_46	1	0	.	.	ybt:fyuA
fyuA_47	1	0	.	.	ybt:fyuA
fyuA_48	1	0	.	.	ybt:fyuA
fyuA_49	1	0	.	.	ybt:fyuA
fyuA_50	1	0	.	.	ybt:fyuA
fyuA_51	1	0	.	.	ybt:fyuA
fyuA_52	1	0	.	.	ybt:fyuA
fyuA_53	1	0	.	.	ybt:fyuA
fyuA_54	1	0	.	.	ybt:fyuA
fyuA_55	1	0	.	.	ybt:fyuA
fyuA_56	1	0	.	.	ybt:fyuA
fyuA_57	1	0	.	.	ybt:fyuA
fyuA_58	1	0	.	.	ybt:fyuA
fyuA_59	1	0	.	.	ybt:fyuA
fyuA_60	1	0	.	.	ybt:fyuA
fyuA_61	1	0	.	.	ybt:fyuA
fyuA_62	1	0	.	.	ybt:fyuA
fyuA_63	1	0	.	.	ybt:fyuA
fyuA_64	1	0	.	.	ybt:fyuA
fyuA_65	1	0	.	.	ybt:fyuA
fyuA_66	1	0	.	.	ybt:fyuA
fyuA_67	1	0	.	.	ybt:fyuA
fyuA_68	1	0	.	.	ybt:fyuA
fyuA_69	1	0	.	.	ybt:fyuA
fyuA_70	1	0	.	.	ybt:fyuA
fyuA_71	1	0	.	.	ybt:fyuA
fyuA_72	1	0	.	.	ybt:fyuA
fyuA_73	1	0	.	.	ybt:fyuA
fyuA_74	1	0	.	.	ybt:fyuA
fyuA_75	1	0	.	.	ybt:fyuA
fyuA_76	1	0	.	.	ybt:fyuA
fyuA_77	1	0	.	.	ybt:fyuA
fyuA_78	1	0	.	.	ybt:fyuA
fyuA_79	1	0	.	.	ybt:fyuA
fyuA_80	1	0	.	.	ybt:fyuA
fyuA_81	1	0	.	.	ybt:fyuA
fyuA_82	1	0	.	.	ybt:fyuA
fyuA_83	1	0	.	.	ybt:fyuA
fyuA_84	1	0	.	.	ybt:fyuA
fyuA_85	1	0	.	.	ybt:fyuA
fyuA_86	1	0	.	.	ybt:fyuA
fyuA_87	1	0	.	.	ybt:fyuA
fyuA_88	1	0	.	.	ybt:fyuA
fyuA_89	1	0	.	.	ybt:fyuA
fyuA_90	1	0	.	.	ybt:fyuA
fyuA_91	1	0	.	.	ybt:fyuA
fyuA_92	1	0	.	.	ybt:fyuA
fyuA_93	1	0	.	.	ybt:fyuA
fyuA_94	1	0	.	.	ybt:fyuA
fyuA_95	1	0	.	.	ybt:fyuA
fyuA_96	1	0	.	.	ybt:fyuA
fyuA_97	1	0	.	.	ybt:fyuA
fyuA_98	1	0	.	.	ybt:fyuA
fyuA_99	1	0	.	.	ybt:fyuA
fyuA_100	1	0	.	.	ybt:fyuA
fyuA_101	1	0	.	.	ybt:fyuA
fyuA_102	1	0	.	.	ybt:fyuA
fyuA_103	1	0	.	.	ybt:fyuA
fyuA_104	1	0	.	.	ybt:fyuA
fyuA_105	1	0	.	.	ybt:fyuA
fyuA_106	1	0	.	.	ybt:fyuA
fyuA_107	1	0	.	.	ybt:fyuA
fyuA_108	1	0	.	.	ybt:fyuA
fyuA_109	1	0	.	.	ybt:fyuA
fyuA_110	1	0	.	.	ybt:fyuA
fyuA_111	1	0	.	.	ybt:fyuA
fyuA_112	1	0	.	.	ybt:fyuA
fyuA_113	1	0	.	.	ybt:fyuA
fyuA_114	1	0	.	.	ybt:fyuA
fyuA_115	1	0	.	.	ybt:fyuA
fyuA_116	1	0	.	.	ybt:fyuA
fyuA_117	1	0	.	.	ybt:fyuA
fyuA_118	1	0	.	.	ybt:fyuA
fyuA_119	1	0	.	.	ybt:fyuA
fyuA_120	1	0	.	.	ybt:fyuA
fyuA_121	1	0	.	.	ybt:fyuA
fyuA_122	1	0	.	.	ybt:fyuA
fyuA_123	1	0	.	.	ybt:fyuA
fyuA_124	1	0	.	.	ybt:fyuA
fyuA_125	1	0	.	.	ybt:fyuA
fyuA_126	1	0	.	.	ybt:fyuA
fyuA_127	1	0	.	.	ybt:fyuA
fyuA_128	1	0	.	.	ybt:fyuA
fyuA_129	1	0	.	.	ybt:fyuA
fyuA_130	1	0	.	.	ybt:fyuA
fyuA_131	1	0	.	.	ybt:fyuA
fyuA_132	1	0	.	.	ybt:fyuA
fyuA_133	1	0	.	.	ybt:fyuA
fyuA_134	1	0	.	.	ybt:fyuA
fyuA_135	1	0	.	.	ybt:fyuA
fyuA_136	1	0	.	.	ybt:fyuA
fyuA_137	1	0	.	.	ybt:fyuA
fyuA_138	1	0	.	.	ybt:fyuA
fyuA_139	1	0	.	.	ybt:fyuA
fyuA_140	1	0	.	.	ybt:fyuA
fyuA_141	1	0	.	.	ybt:fyuA
fyuA_142	1	0	.	.	ybt:fyuA
fyuA_143	1	0	.	.	ybt:fyuA
fyuA_144	1	0	.	.	ybt:fyuA
fyuA_145	1	0	.	.	ybt:fyuA
fyuA_146	1	0	.	.	ybt:fyuA
fyuA_147	1	0	.	.	ybt:fyuA
fyuA_148	1	0	.	.	ybt:fyuA
fyuA_149	1	0	.	.	ybt:fyuA
fyuA_150	1	0	.	.	ybt:fyuA
fyuA_151	1	0	.	.	ybt:fyuA
fyuA_152	1	0	.	.	ybt:fyuA
fyuA_153	1	0	.	.	ybt:fyuA
fyuA_154	1	0	.	.	ybt:fyuA
fyuA_155	1	0	.	.	ybt:fyuA
fyuA_156	1	0	.	.	ybt:fyuA
fyuA_157	1	0	.	.	ybt:fyuA
fyuA_158	1	0	.	.	ybt:fyuA
fyuA_159	1	0	.	.	ybt:fyuA
fyuA_160	1	0	.	.	ybt:fyuA
fyuA_161	1	0	.	.	ybt:fyuA
fyuA_162	1	0	.	.	ybt:fyuA
fyuA_163	1	0	.	.	ybt:fyuA
fyuA_164	1	0	.	.	ybt:fyuA
fyuA_165	1	0	.	.	ybt:fyuA
fyuA_166	1	0	.	.	ybt:fyuA
fyuA_167	1	0	.	.	ybt:fyuA
fyuA_168	1	0	.	.	ybt:fyuA
fyuA_169	1	0	.	.	ybt:fyuA
fyuA_170	1	0	.	.	ybt:fyuA
fyuA_171	1	0	.	.	ybt:fyuA
fyuA_172	1	0	.	.	ybt:fyuA
fyuA_173	1	0	.	.	ybt:fyuA
fyuA_174	1	0	.	.	ybt:fyuA
fyuA_175	1	0	.	.	ybt:fyuA
fyuA_176	1	0	.	.	ybt:fyuA
fyuA_177	1	0	.	.	ybt:fyuA
fyuA_178	1	0	.	.	ybt:fyuA
fyuA_179	1	0	.	.	ybt:fyuA
fyuA_180	1	0	.	.	ybt:fyuA
fyuA_181	1	0	.	.	ybt:fyuA
fyuA_182	1	0	.	.	ybt:fyuA
fyuA_183	1	0	.	.	ybt:fyuA
fyuA_184	1	0	.	.	ybt:fyuA
fyuA_185	1	0	.	.	ybt:fyuA
fyuA_186	1	0	.	.	ybt:fyuA
fyuA_187	1	0	.	.	ybt:fyuA
fyuA_188	1	0	.	.	ybt:fyuA
fyuA_189	1	0	.	.	ybt:fyuA
fyuA_190	1	0	.	.	ybt:fyuA
fyuA_191	1	0	.	.	ybt:fyuA
fyuA_192	1	0	.	.	ybt:fyuA
fyuA_193	1	0	.	.	ybt:fyuA
fyuA_194	1	0	.	.	ybt:fyuA
fyuA_195	1	0	.	.	ybt:fyuA
fyuA_196	1	0	.	.	ybt:fyuA
fyuA_197	1	0	.	.	ybt:fyuA
fyuA_198	1	0	.	.	ybt:fyuA
fyuA_199	1	0	.	.	ybt:fyuA
fyuA_200	1	0	.	.	ybt:fyuA
fyuA_201	1	0	.	.	ybt:fyuA
fyuA_202	1	0	.	.	ybt:fyuA
fyuA_203	1	0	.	.	ybt:fyuA
fyuA_204	1	0	.	.	ybt:fyuA
fyuA_205	1	0	.	.	ybt:fyuA
fyuA_206	1	0	.	.	ybt:fyuA
fyuA_207	1	0	.	.	ybt:fyuA
fyuA_208	1	0	.	.	ybt:fyuA
fyuA_209	1	0	.	.	ybt:fyuA
fyuA_210	1	0	.	.	ybt:fyuA
fyuA_211	1	0	.	.	ybt:fyuA
fyuA_212	1	0	.	.	ybt:fyuA
fyuA_213	1	0	.	.	ybt:fyuA
fyuA_214	1	0	.	.	ybt:fyuA
fyuA_215	1	0	.	.	ybt:fyuA
fyuA_216	1	0	.	.	ybt:fyuA
fyuA_217	1	0	.	.	ybt:fyuA
fyuA_218	1	0	.	.	ybt:fyuA
fyuA_219	1	0	.	.	ybt:fyuA
fyuA_220	1	0	.	.	ybt:fyuA
fyuA_221	1	0	.	.	ybt:fyuA
fyuA_222	1	0	.	.	ybt:fyuA
fyuA_223	1	0	.	.	ybt:fyuA
fyuA_224	1	0	.	.	ybt:fyuA
fyuA_225	1	0	.	.	ybt:fyuA
fyuA_226	1	0	.	.	ybt:fyuA
fyuA_227	1	0	.	.	ybt:fyuA
fyuA_228	1	0	.	.	ybt:fyuA
fyuA_229	1	0	.	.	ybt:fyuA
fyuA_230	1	0	.	.	ybt:fyuA
fyuA_231	1	0	.	.	ybt:fyuA
fyuA_232	1	0	.	.	ybt:fyuA
fyuA_233	1	0	.	.	ybt:fyuA
fyuA_234	1	0	.	.	ybt:fyuA
fyuA_235	1	0	.	.	ybt:fyuA
fyuA_236	1	0	.	.	ybt:fyuA
fyuA_237	1	0	.	.	ybt:fyuA
fyuA_238	1	0	.	.	ybt:fyuA
fyuA_239	1	0	.	.	ybt:fyuA
fyuA_240	1	0	.	.	ybt:fyuA
fyuA_241	1	0	.	.	ybt:fyuA
fyuA_242	1	0	.	.	ybt:fyuA
fyuA_243	1	0	.	.	ybt:fyuA
fyuA_244	1	0	.	.	ybt:fyuA
fyuA_245	1	0	.	.	ybt:fyuA
fyuA_246	1	0	.	.	ybt:fyuA
fyuA_247	1	0	.	.	ybt:fyuA
fyuA_248	1	0	.	.	ybt:fyuA
fyuA_249	1	0	.	.	ybt:fyuA
fyuA_250	1	0	.	.	ybt:fyuA
fyuA_251	1	0	.	.	ybt:fyuA
fyuA_252	1	0	.	.	ybt:fyuA
fyuA_253	1	0	.	.	ybt:fyuA
fyuA_254	1	0	.	.	ybt:fyuA
fyuA_255	1	0	.	.	ybt:fyuA
fyuA_256	1	0	.	.	ybt:fyuA
fyuA_257	1	0	.	.	ybt:fyuA
fyuA_258	1	0	.	.	ybt:fyuA
fyuA_259	1	0	.	.	ybt:fyuA
fyuA_260	1	0	.	.	ybt:fyuA
fyuA_261	1	0	.	.	ybt:fyuA
fyuA_262	1	0	.	.	ybt:fyuA
fyuA_263	1	0	.	.	ybt:fyuA
fyuA_264	1	0	.	.	ybt:fyuA
fyuA_265	1	0	.	.	ybt:fyuA
fyuA_266	1	0	.	.	ybt:fyuA
fyuA_267	1	0	.	.	ybt:fyuA
fyuA_268	1	0	.	.	ybt:fyuA
fyuA_269	1	0	.	.	ybt:fyuA
fyuA_270	1	0	.	.	ybt:fyuA
fyuA_271	1	0	.	.	ybt:fyuA
fyuA_272	1	0	.	.	ybt:fyuA
fyuA_273	1	0	.	.	ybt:fyuA
fyuA_274	1	0	.	.	ybt:fyuA
fyuA_275	1	0	.	.	ybt:fyuA
fyuA_276	1	0	.	.	ybt:fyuA
fyuA_277	1	0	.	.	ybt:fyuA
fyuA_278	1	0	.	.	ybt:fyuA
fyuA_279	1	0	.	.	ybt:fyuA
fyuA_280	1	0	.	.	ybt:fyuA
fyuA_281	1	0	.	.	ybt:fyuA
fyuA_282	1	0	.	.	ybt:fyuA
fyuA_283	1	0	.	.	ybt:fyuA
fyuA_284	1	0	.	.	ybt:fyuA
fyuA_285	1	0	.	.	ybt:fyuA
fyuA_286	1	0	.	.	ybt:fyuA
fyuA_287	1	0	.	.	ybt:fyuA
fyuA_288	1	0	.	.	ybt:fyuA
fyuA_289	1	0	.	.	ybt:fyuA
fyuA_290	1	0	.	.	ybt:fyuA
fyuA_291	1	0	.	.	ybt:fyuA
fyuA_292	1	0	.	.	ybt:fyuA
fyuA_293	1	0	.	.	ybt:fyuA
fyuA_294	1	0	.	.	ybt:fyuA
fyuA_295	1	0	.	.	ybt:fyuA
fyuA_296	1	0	.	.	ybt:fyuA
fyuA_297	1	0	.	.	ybt:fyuA
fyuA_298	1	0	.	.	ybt:fyuA
fyuA_299	1	0	.	.	ybt:fyuA
fyuA_300	1	0	.	.	ybt:fyuA
fyuA_301	1	0	.	.	ybt:fyuA
fyuA_302	1	0	.	.	ybt:fyuA
fyuA_303	1	0	.	.	ybt:fyuA
fyuA_304	1	0	.	.	ybt:fyuA
fyuA_305	1	0	.	.	ybt:fyuA
fyuA_306	1	0	.	.	ybt:fyuA
fyuA_307	1	0	.	.	ybt:fyuA
fyuA_308	1	0	.	.	ybt:fyuA
fyuA_309	1	0	.	.	ybt:fyuA
fyuA_310	1	0	.	.	ybt:fyuA
fyuA_311	1	0	.	.	ybt:fyuA
fyuA_312	1	0	.	.	ybt:fyuA
fyuA_313	1	0	.	.	ybt:fyuA
fyuA_314	1	0	.	.	ybt:fyuA
fyuA_315	1	0	.	.	ybt:fyuA
fyuA_316	1	0	.	.	ybt:fyuA
irp1_1	1	0	.	.	ybt:irp1
irp1_2	1	0	.	.	ybt:irp1
irp1_3	1	0	.	.	ybt:irp1
irp1_4	1	0	.	.	ybt:irp1
irp1_5	1	0	.	.	ybt:irp1
irp1_6	1	0	.	.	ybt:irp1
irp1_7	1	0	.	.	ybt:irp1
irp1_8	1	0	.	.	ybt:irp1
irp1_9	1	0	.	.	ybt:irp1
irp1_10	1	0	.	.	ybt:irp1
irp1_11	1	0	.	.	ybt:irp1
irp1_12	1	0	.	.	ybt:irp1
irp1_13	1	0	.	.	ybt:irp1
irp1_14	1	0	.	.	ybt:irp1
irp1_15	1	0	.	.	ybt:irp1
irp1_16	1	0	.	.	ybt:irp1
irp1_17	1	0	.	.	ybt:irp1
irp1_18	1	0	.	.	ybt:irp1
irp1_19	1	0	.	.	ybt:irp1
irp1_20	1	0	.	.	ybt:irp1
irp1_21	1	0	.	.	ybt:irp1
irp1_22	1	0	.	.	ybt:irp1
irp1_23	1	0	.	.	ybt:irp1
irp1_24	1	0	.	.	ybt:irp1
irp1_25	1	0	.	.	ybt:irp1
irp1_26	1	0	.	.	ybt:irp1
irp1_27	1	0	.	.	ybt:irp1
irp1_28	1	0	.	.	ybt:irp1
irp1_29	1	0	.	.	ybt:irp1
irp1_30	1	0	.	.	ybt:irp1
irp1_31	1	0	.	.	ybt:irp1
irp1_32	1	0	.	.	ybt:irp1
irp1_33	1	0	.	.	ybt:irp1
irp1_34	1	0	.	.	ybt:irp1
irp1_35	1	0	.	.	ybt:irp1
irp1_36	1	0	.	.	ybt:irp1
irp1_37	1	0	.	.	ybt:irp1
irp1_38	1	0	.	.	ybt:irp1
irp1_39	1	0	.	.	ybt:irp1
irp1_40	1	0	.	.	ybt:irp1
irp1_41	1	0	.	.	ybt:irp1
irp1_42	1	0	.	.	ybt:irp1
irp1_43	1	0	.	.	ybt:irp1
irp1_44	1	0	.	.	ybt:irp1
irp1_45	1	0	.	.	ybt:irp1
irp1_46	1	0	.	.	ybt:irp1
irp1_47	1	0	.	.	ybt:irp1
irp1_48	1	0	.	.	ybt:irp1
irp1_49	1	0	.	.	ybt:irp1
irp1_50	1	0	.	.	ybt:irp1
irp1_51	1	0	.	.	ybt:irp1
irp1_52	1	0	.	.	ybt:irp1
irp1_53	1	0	.	.	ybt:irp1
irp1_54	1	0	.	.	ybt:irp1
irp1_55	1	0	.	.	ybt:irp1
irp1_56	1	0	.	.	ybt:irp1
irp1_57	1	0	.	.	ybt:irp1
irp1_58	1	0	.	.	ybt:irp1
irp1_59	1	0	.	.	ybt:irp1
irp1_60	1	0	.	.	ybt:irp1
irp1_61	1	0	.	.	ybt:irp1
irp1_62	1	0	.	.	ybt:irp1
irp1_63	1	0	.	.	ybt:irp1
irp1_64	1	0	.	.	ybt:irp1
irp1_65	1	0	.	.	ybt:irp1
irp1_66	1	0	.	.	ybt:irp1
irp1_67	1	0	.	.	ybt:irp1
irp1_68	1	0	.	.	ybt:irp1
irp1_69	1	0	.	.	ybt:irp1
irp1_70	1	0	.	.	ybt:irp1
irp1_71	1	0	.	.	ybt:irp1
irp1_72	1	0	.	.	ybt:irp1
irp1_73	1	0	.	.	ybt:irp1
irp1_74	1	0	.	.	ybt:irp1
irp1_75	1	0	.	.	ybt:irp1
irp1_76	1	0	.	.	ybt:irp1
irp1_77	1	0	.	.	ybt:irp1
irp1_78	1	0	.	.	ybt:irp1
irp1_79	1	0	.	.	ybt:irp1
irp1_80	1	0	.	.	ybt:irp1
irp1_81	1	0	.	.	ybt:irp1
irp1_82	1	0	.	.	ybt:irp1
irp1_83	1	0	.	.	ybt:irp1
irp1_84	1	0	.	.	ybt:irp1
irp1_85	1	0	.	.	ybt:irp1
irp1_86	1	0	.	.	ybt:irp1
irp1_87	1	0	.	.	ybt:irp1
irp1_88	1	0	.	.	ybt:irp1
irp1_89	1	0	.	.	ybt:irp1
irp1_90	1	0	.	.	ybt:irp1
irp1_91	1	0	.	.	ybt:irp1
irp1_92	1	0	.	.	ybt:irp1
irp1_93	1	0	.	.	ybt:irp1
irp1_94	1	0	.	.	ybt:irp1
irp1_95	1	0	.	.	ybt:irp1
irp1_96	1	0	.	.	ybt:irp1
irp1_97	1	0	.	.	ybt:irp1
irp1_98	1	0	.	.	ybt:irp1
irp1_99	1	0	.	.	ybt:irp1
irp1_100	1	0	.	.	ybt:irp1
irp1_101	1	0	.	.	ybt:irp1
irp1_102	1	0	.	.	ybt:irp1
irp1_103	1	0	.	.	ybt:irp1
irp1_104	1	0	.	.	ybt:irp1
irp1_105	1	0	.	.	ybt:irp1
irp1_106	1	0	.	.	ybt:irp1
irp1_107	1	0	.	.	ybt:irp1
irp1_108	1	0	.	.	ybt:irp1
irp1_109	1	0	.	.	ybt:irp1
irp1_110	1	0	.	.	ybt:irp1
irp1_111	1	0	.	.	ybt:irp1
irp1_112	1	0	.	.	ybt:irp1
irp1_113	1	0	.	.	ybt:irp1
irp1_114	1	0	.	.	ybt:irp1
irp1_115	1	0	.	.	ybt:irp1
irp1_116	1	0	.	.	ybt:irp1
irp1_117	1	0	.	.	ybt:irp1
irp1_118	1	0	.	.	ybt:irp1
irp1_119	1	0	.	.	ybt:irp1
irp1_120	1	0	.	.	ybt:irp1
irp1_121	1	0	.	.	ybt:irp1
irp1_122	1	0	.	.	ybt:irp1
irp1_123	1	0	.	.	ybt:irp1
irp1_124	1	0	.	.	ybt:irp1
irp1_125	1	0	.	.	ybt:irp1
irp1_126	1	0	.	.	ybt:irp1
irp1_127	1	0	.	.	ybt:irp1
irp1_128	1	0	.	.	ybt:irp1
irp1_129	1	0	.	.	ybt:irp1
irp1_130	1	0	.	.	ybt:irp1
irp1_131	1	0	.	.	ybt:irp1
irp1_132	1	0	.	.	ybt:irp1
irp1_133	1	0	.	.	ybt:irp1
irp1_134	1	0	.	.	ybt:irp1
irp1_135	1	0	.	.	ybt:irp1
irp1_136	1	0	.	.	ybt:irp1
irp1_137	1	0	.	.	ybt:irp1
irp1_138	1	0	.	.	ybt:irp1
irp1_139	1	0	.	.	ybt:irp1
irp1_140	1	0	.	.	ybt:irp1
irp1_141	1	0	.	.	ybt:irp1
irp1_142	1	0	.	.	ybt:irp1
irp1_143	1	0	.	.	ybt:irp1
irp1_144	1	0	.	.	ybt:irp1
irp1_145	1	0	.	.	ybt:irp1
irp1_146	1	0	.	.	ybt:irp1
irp1_147	1	0	.	.	ybt:irp1
irp1_148	1	0	.	.	ybt:irp1
irp1_149	1	0	.	.	ybt:irp1
irp1_150	1	0	.	.	ybt:irp1
irp1_151	1	0	.	.	ybt:irp1
irp1_152	1	0	.	.	ybt:irp1
irp1_153	1	0	.	.	ybt:irp1
irp1_154	1	0	.	.	ybt:irp1
irp1_155	1	0	.	.	ybt:irp1
irp1_156	1	0	.	.	ybt:irp1
irp1_157	1	0	.	.	ybt:irp1
irp1_158	1	0	.	.	ybt:irp1
irp1_159	1	0	.	.	ybt:irp1
irp1_160	1	0	.	.	ybt:irp1
irp1_161	1	0	.	.	ybt:irp1
irp1_162	1	0	.	.	ybt:irp1
irp1_163	1	0	.	.	ybt:irp1
irp1_164	1	0	.	.	ybt:irp1
irp1_165	1	0	.	.	ybt:irp1
irp1_166	1	0	.	.	ybt:irp1
irp1_167	1	0	.	.	ybt:irp1
irp1_168	1	0	.	.	ybt:irp1
irp1_169	1	0	.	.	ybt:irp1
irp1_170	1	0	.	.	ybt:irp1
irp1_171	1	0	.	.	ybt:irp1
irp1_172	1	0	.	.	ybt:irp1
irp1_173	1	0	.	.	ybt:irp1
irp1_174	1	0	.	.	ybt:irp1
irp1_175	1	0	.	.	ybt:irp1
irp1_176	1	0	.	.	ybt:irp1
irp1_177	1	0	.	.	ybt:irp1
irp1_178	1	0	.	.	ybt:irp1
irp1_179	1	0	.	.	ybt:irp1
irp1_180	1	0	.	.	ybt:irp1
irp1_181	1	0	.	.	ybt:irp1
irp1_182	1	0	.	.	ybt:irp1
irp1_183	1	0	.	.	ybt:irp1
irp1_184	1	0	.	.	ybt:irp1
irp1_185	1	0	.	.	ybt:irp1
irp1_186	1	0	.	.	ybt:irp1
irp1_187	1	0	.	.	ybt:irp1
irp1_188	1	0	.	.	ybt:irp1
irp1_189	1	0	.	.	ybt:irp1
irp1_190	1	0	.	.	ybt:irp1
irp1_191	1	0	.	.	ybt:irp1
irp1_192	1	0	.	.	ybt:irp1
irp1_193	1	0	.	.	ybt:irp1
irp1_194	1	0	.	.	ybt:irp1
irp1_195	1	0	.	.	ybt:irp1
irp1_196	1	0	.	.	ybt:irp1
irp1_197	1	0	.	.	ybt:irp1
irp1_198	1	0	.	.	ybt:irp1
irp1_199	1	0	.	.	ybt:irp1
irp1_200	1	0	.	.	ybt:irp1
irp1_201	1	0	.	.	ybt:irp1
irp1_202	1	0	.	.	ybt:irp1
irp1_203	1	0	.	.	ybt:irp1
irp1_204	1	0	.	.	ybt:irp1
irp1_205	1	0	.	.	ybt:irp1
irp1_206	1	0	.	.	ybt:irp1
irp1_207	1	0	.	.	ybt:irp1
irp1_208	1	0	.	.	ybt:irp1
irp1_209	1	0	.	.	ybt:irp1
irp1_210	1	0	.	.	ybt:irp1
irp1_211	1	0	.	.	ybt:irp1
irp1_212	1	0	.	.	ybt:irp1
irp1_213	1	0	.	.	ybt:irp1
irp1_214	1	0	.	.	ybt:irp1
irp1_215	1	0	.	.	ybt:irp1
irp1_216	1	0	.	.	ybt:irp1
irp1_217	1	0	.	.	ybt:irp1
irp1_218	1	0	.	.	ybt:irp1
irp1_219	1	0	.	.	ybt:irp1
irp1_220	1	0	.	.	ybt:irp1
irp1_221	1	0	.	.	ybt:irp1
irp1_222	1	0	.	.	ybt:irp1
irp1_223	1	0	.	.	ybt:irp1
irp1_224	1	0	.	.	ybt:irp1
irp1_225	1	0	.	.	ybt:irp1
irp1_226	1	0	.	.	ybt:irp1
irp1_227	1	0	.	.	ybt:irp1
irp1_228	1	0	.	.	ybt:irp1
irp1_229	1	0	.	.	ybt:irp1
irp1_230	1	0	.	.	ybt:irp1
irp1_231	1	0	.	.	ybt:irp1
irp1_232	1	0	.	.	ybt:irp1
irp1_233	1	0	.	.	ybt:irp1
irp1_234	1	0	.	.	ybt:irp1
irp1_235	1	0	.	.	ybt:irp1
irp1_236	1	0	.	.	ybt:irp1
irp1_237	1	0	.	.	ybt:irp1
irp1_238	1	0	.	.	ybt:irp1
irp1_239	1	0	.	.	ybt:irp1
irp1_240	1	0	.	.	ybt:irp1
irp1_241	1	0	.	.	ybt:irp1
irp1_242	1	0	.	.	ybt:irp1
irp1_243	1	0	.	.	ybt:irp1
irp1_244	1	0	.	.	ybt:irp1
irp1_245	1	0	.	.	ybt:irp1
irp1_246	1	0	.	.	ybt:irp1
irp1_247	1	0	.	.	ybt:irp1
irp1_248	1	0	.	.	ybt:irp1
irp1_249	1	0	.	.	ybt:irp1
irp1_250	1	0	.	.	ybt:irp1
irp1_251	1	0	.	.	ybt:irp1
irp1_252	1	0	.	.	ybt:irp1
irp1_253	1	0	.	.	ybt:irp1
irp1_254	1	0	.	.	ybt:irp1
irp1_255	1	0	.	.	ybt:irp1
irp1_256	1	0	.	.	ybt:irp1
irp1_257	1	0	.	.	ybt:irp1
irp1_258	1	0	.	.	ybt:irp1
irp1_259	1	0	.	.	ybt:irp1
irp1_260	1	0	.	.	ybt:irp1
irp1_261	1	0	.	.	ybt:irp1
irp1_262	1	0	.	.	ybt:irp1
irp1_263	1	0	.	.	ybt:irp1
irp1_264	1	0	.	.	ybt:irp1
irp1_265	1	0	.	.	ybt:irp1
irp1_266	1	0	.	.	ybt:irp1
irp1_267	1	0	.	.	ybt:irp1
irp1_268	1	0	.	.	ybt:irp1
irp1_269	1	0	.	.	ybt:irp1
irp1_270	1	0	.	.	ybt:irp1
irp1_271	1	0	.	.	ybt:irp1
irp1_272	1	0	.	.	ybt:irp1
irp1_273	1	0	.	.	ybt:irp1
irp1_274	1	0	.	.	ybt:irp1
irp1_275	1	0	.	.	ybt:irp1
irp1_276	1	0	.	.	ybt:irp1
irp1_277	1	0	.	.	ybt:irp1
irp1_278	1	0	.	.	ybt:irp1
irp1_279	1	0	.	.	ybt:irp1
irp1_280	1	0	.	.	ybt:irp1
irp1_281	1	0	.	.	ybt:irp1
irp1_282	1	0	.	.	ybt:irp1
irp1_283	1	0	.	.	ybt:irp1
irp1_284	1	0	.	.	ybt:irp1
irp1_285	1	0	.	.	ybt:irp1
irp1_286	1	0	.	.	ybt:irp1
irp1_287	1	0	.	.	ybt:irp1
irp1_288	1	0	.	.	ybt:irp1
irp1_289	1	0	.	.	ybt:irp1
irp1_290	1	0	.	.	ybt:irp1
irp1_291	1	0	.	.	ybt:irp1
irp1_292	1	0	.	.	ybt:irp1
irp1_293	1	0	.	.	ybt:irp1
irp1_294	1	0	.	.	ybt:irp1
irp1_295	1	0	.	.	ybt:irp1
irp1_296	1	0	.	.	ybt:irp1
irp1_297	1	0	.	.	ybt:irp1
irp1_298	1	0	.	.	ybt:irp1
irp1_299	1	0	.	.	ybt:irp1
irp1_300	1	0	.	.	ybt:irp1
irp1_301	1	0	.	.	ybt:irp1
irp1_302	1	0	.	.	ybt:irp1
irp1_303	1	0	.	.	ybt:irp1
irp1_304	1	0	.	.	ybt:irp1
irp1_305	1	0	.	.	ybt:irp1
irp1_306	1	0	.	.	ybt:irp1
irp1_307	1	0	.	.	ybt:irp1
irp1_308	1	0	.	.	ybt:irp1
irp1_309	1	0	.	.	ybt:irp1
irp1_310	1	0	.	.	ybt:irp1
irp1_311	1	0	.	.	ybt:irp1
irp1_312	1	0	.	.	ybt:irp1
irp1_313	1	0	.	.	ybt:irp1
irp1_314	1	0	.	.	ybt:irp1
irp1_315	1	0	.	.	ybt:irp1
irp1_316	1	0	.	.	ybt:irp1
irp1_317	1	0	.	.	ybt:irp1
irp1_318	1	0	.	.	ybt:irp1
irp1_319	1	0	.	.	ybt:irp1
irp1_320	1	0	.	.	ybt:irp1
irp1_321	1	0	.	.	ybt:irp1
irp1_322	1	0	.	.	ybt:irp1
irp1_323	1	0	.	.	ybt:irp1
irp1_324	1	0	.	.	ybt:irp1
irp1_325	1	0	.	.	ybt:irp1
irp1_326	1	0	.	.	ybt:irp1
irp1_327	1	0	.	.	ybt:irp1
irp1_328	1	0	.	.	ybt:irp1
irp1_329	1	0	.	.	ybt:irp1
irp1_330	1	0	.	.	ybt:irp1
irp1_331	1	0	.	.	ybt:irp1
irp1_332	1	0	.	.	ybt:irp1
irp1_333	1	0	.	.	ybt:irp1
irp1_334	1	0	.	.	ybt:irp1
irp1_335	1	0	.	.	ybt:irp1
irp1_336	1	0	.	.	ybt:irp1
irp1_337	1	0	.	.	ybt:irp1
irp1_338	1	0	.	.	ybt:irp1
irp1_339	1	0	.	.	ybt:irp1
irp1_340	1	0	.	.	ybt:irp1
irp1_341	1	0	.	.	ybt:irp1
irp1_342	1	0	.	.	ybt:irp1
irp1_343	1	0	.	.	ybt:irp1
irp1_344	1	0	.	.	ybt:irp1
irp1_345	1	0	.	.	ybt:irp1
irp1_346	1	0	.	.	ybt:irp1
irp1_347	1	0	.	.	ybt:irp1
irp1_348	1	0	.	.	ybt:irp1
irp1_349	1	0	.	.	ybt:irp1
irp1_350	1	0	.	.	ybt:irp1
irp1_351	1	0	.	.	ybt:irp1
irp1_352	1	0	.	.	ybt:irp1
irp1_353	1	0	.	.	ybt:irp1
irp1_354	1	0	.	.	ybt:irp1
irp1_355	1	0	.	.	ybt:irp1
irp1_356	1	0	.	.	ybt:irp1
irp1_357	1	0	.	.	ybt:irp1
irp1_358	1	0	.	.	ybt:irp1
irp1_359	1	0	.	.	ybt:irp1
irp1_360	1	0	.	.	ybt:irp1
irp1_361	1	0	.	.	ybt:irp1
irp1_362	1	0	.	.	ybt:irp1
irp1_363	1	0	.	.	ybt:irp1
irp1_364	1	0	.	.	ybt:irp1
irp1_365	1	0	.	.	ybt:irp1
irp1_366	1	0	.	.	ybt:irp1
irp1_367	1	0	.	.	ybt:irp1
irp1_368	1	0	.	.	ybt:irp1
irp1_369	1	0	.	.	ybt:irp1
irp1_370	1	0	.	.	ybt:irp1
irp1_371	1	0	.	.	ybt:irp1
irp1_372	1	0	.	.	ybt:irp1
irp1_373	1	0	.	.	ybt:irp1
irp1_374	1	0	.	.	ybt:irp1
irp1_375	1	0	.	.	ybt:irp1
irp1_376	1	0	.	.	ybt:irp1
irp1_377	1	0	.	.	ybt:irp1
irp1_378	1	0	.	.	ybt:irp1
irp1_379	1	0	.	.	ybt:irp1
irp1_380	1	0	.	.	ybt:irp1
irp1_381	1	0	.	.	ybt:irp1
irp1_382	1	0	.	.	ybt:irp1
irp1_383	1	0	.	.	ybt:irp1
irp1_384	1	0	.	.	ybt:irp1
irp1_385	1	0	.	.	ybt:irp1
irp1_386	1	0	.	.	ybt:irp1
irp1_387	1	0	.	.	ybt:irp1
irp1_388	1	0	.	.	ybt:irp1
irp1_389	1	0	.	.	ybt:irp1
irp1_390	1	0	.	.	ybt:irp1
irp1_391	1	0	.	.	ybt:irp1
irp1_392	1	0	.	.	ybt:irp1
irp1_393	1	0	.	.	ybt:irp1
irp1_394	1	0	.	.	ybt:irp1
irp1_395	1	0	.	.	ybt:irp1
irp1_396	1	0	.	.	ybt:irp1
irp1_397	1	0	.	.	ybt:irp1
irp1_398	1	0	.	.	ybt:irp1
irp1_399	1	0	.	.	ybt:irp1
irp1_400	1	0	.	.	ybt:irp1
irp1_401	1	0	.	.	ybt:irp1
irp1_402	1	0	.	.	ybt:irp1
irp1_403	1	0	.	.	ybt:irp1
irp1_404	1	0	.	.	ybt:irp1
irp1_405	1	0	.	.	ybt:irp1
irp1_406	1	0	.	.	ybt:irp1
irp1_407	1	0	.	.	ybt:irp1
irp1_408	1	0	.	.	ybt:irp1
irp1_409	1	0	.	.	ybt:irp1
irp1_410	1	0	.	.	ybt:irp1
irp1_411	1	0	.	.	ybt:irp1
irp1_412	1	0	.	.	ybt:irp1
irp1_413	1	0	.	.	ybt:irp1
irp1_414	1	0	.	.	ybt:irp1
irp1_415	1	0	.	.	ybt:irp1
irp1_416	1	0	.	.	ybt:irp1
irp1_417	1	0	.	.	ybt:irp1
irp1_418	1	0	.	.	ybt:irp1
irp1_419	1	0	.	.	ybt:irp1
irp1_420	1	0	.	.	ybt:irp1
irp1_421	1	0	.	.	ybt:irp1
irp1_422	1	0	.	.	ybt:irp1
irp1_423	1	0	.	.	ybt:irp1
irp1_424	1	0	.	.	ybt:irp1
irp1_425	1	0	.	.	ybt:irp1
irp1_426	1	0	.	.	ybt:irp1
irp1_427	1	0	.	.	ybt:irp1
irp1_428	1	0	.	.	ybt:irp1
irp1_429	1	0	.	.	ybt:irp1
irp1_430	1	0	.	.	ybt:irp1
irp1_431	1	0	.	.	ybt:irp1
irp1_432	1	0	.	.	ybt:irp1
irp1_433	1	0	.	.	ybt:irp1
irp1_434	1	0	.	.	ybt:irp1
irp1_435	1	0	.	.	ybt:irp1
irp1_436	1	0	.	.	ybt:irp1
irp1_437	1	0	.	.	ybt:irp1
irp1_438	1	0	.	.	ybt:irp1
irp1_439	1	0	.	.	ybt:irp1
irp1_440	1	0	.	.	ybt:irp1
irp1_441	1	0	.	.	ybt:irp1
irp1_442	1	0	.	.	ybt:irp1
irp1_443	1	0	.	.	ybt:irp1
irp1_444	1	0	.	.	ybt:irp1
irp1_445	1	0	.	.	ybt:irp1
irp1_446	1	0	.	.	ybt:irp1
irp1_447	1	0	.	.	ybt:irp1
irp1_448	1	0	.	.	ybt:irp1
irp1_449	1	0	.	.	ybt:irp1
irp1_450	1	0	.	.	ybt:irp1
irp1_451	1	0	.	.	ybt:irp1
irp1_452	1	0	.	.	ybt:irp1
irp1_453	1	0	.	.	ybt:irp1
irp1_454	1	0	.	.	ybt:irp1
irp1_455	1	0	.	.	ybt:irp1
irp1_456	1	0	.	.	ybt:irp1
irp1_457	1	0	.	.	ybt:irp1
irp1_458	1	0	.	.	ybt:irp1
irp1_459	1	0	.	.	ybt:irp1
irp1_460	1	0	.	.	ybt:irp1
irp1_461	1	0	.	.	ybt:irp1
irp1_462	1	0	.	.	ybt:irp1
irp1_463	1	0	.	.	ybt:irp1
irp1_464	1	0	.	.	ybt:irp1
irp1_465	1	0	.	.	ybt:irp1
irp1_466	1	0	.	.	ybt:irp1
irp1_467	1	0	.	.	ybt:irp1
irp1_468	1	0	.	.	ybt:irp1
irp1_469	1	0	.	.	ybt:irp1
irp1_470	1	0	.	.	ybt:irp1
irp1_471	1	0	.	.	ybt:irp1
irp1_472	1	0	.	.	ybt:irp1
irp1_473	1	0	.	.	ybt:irp1
irp1_474	1	0	.	.	ybt:irp1
irp1_475	1	0	.	.	ybt:irp1
irp1_476	1	0	.	.	ybt:irp1
irp1_477	1	0	.	.	ybt:irp1
irp1_478	1	0	.	.	ybt:irp1
irp1_479	1	0	.	.	ybt:irp1
irp1_480	1	0	.	.	ybt:irp1
irp1_481	1	0	.	.	ybt:irp1
irp1_482	1	0	.	.	ybt:irp1
irp1_483	1	0	.	.	ybt:irp1
irp1_484	1	0	.	.	ybt:irp1
irp1_485	1	0	.	.	ybt:irp1
irp1_486	1	0	.	.	ybt:irp1
irp1_487	1	0	.	.	ybt:irp1
irp1_488	1	0	.	.	ybt:irp1
irp1_489	1	0	.	.	ybt:irp1
irp1_490	1	0	.	.	ybt:irp1
irp1_491	1	0	.	.	ybt:irp1
irp1_492	1	0	.	.	ybt:irp1
irp1_493	1	0	.	.	ybt:irp1
irp1_494	1	0	.	.	ybt:irp1
irp1_495	1	0	.	.	ybt:irp1
irp1_496	1	0	.	.	ybt:irp1
irp1_497	1	0	.	.	ybt:irp1
irp1_498	1	0	.	.	ybt:irp1
irp1_499	1	0	.	.	ybt:irp1
irp1_500	1	0	.	.	ybt:irp1
irp1_501	1	0	.	.	ybt:irp1
irp1_502	1	0	.	.	ybt:irp1
irp1_503	1	0	.	.	ybt:irp1
irp1_504	1	0	.	.	ybt:irp1
irp1_505	1	0	.	.	ybt:irp1
irp1_506	1	0	.	.	ybt:irp1
irp1_507	1	0	.	.	ybt:irp1
irp1_508	1	0	.	.	ybt:irp1
irp1_509	1	0	.	.	ybt:irp1
irp1_510	1	0	.	.	ybt:irp1
irp1_511	1	0	.	.	ybt:irp1
irp1_512	1	0	.	.	ybt:irp1
irp1_513	1	0	.	.	ybt:irp1
irp1_514	1	0	.	.	ybt:irp1
irp1_515	1	0	.	.	ybt:irp1
irp1_516	1	0	.	.	ybt:irp1
irp1_517	1	0	.	.	ybt:irp1
irp1_518	1	0	.	.	ybt:irp1
irp1_519	1	0	.	.	ybt:irp1
irp1_520	1	0	.	.	ybt:irp1
irp1_521	1	0	.	.	ybt:irp1
irp1_522	1	0	.	.	ybt:irp1
irp1_523	1	0	.	.	ybt:irp1
irp1_524	1	0	.	.	ybt:irp1
irp1_525	1	0	.	.	ybt:irp1
irp1_526	1	0	.	.	ybt:irp1
irp1_527	1	0	.	.	ybt:irp1
irp1_528	1	0	.	.	ybt:irp1
irp1_529	1	0	.	.	ybt:irp1
irp1_530	1	0	.	.	ybt:irp1
irp1_531	1	0	.	.	ybt:irp1
irp1_532	1	0	.	.	ybt:irp1
irp1_533	1	0	.	.	ybt:irp1
irp1_534	1	0	.	.	ybt:irp1
irp1_535	1	0	.	.	ybt:irp1
irp1_536	1	0	.	.	ybt:irp1
irp1_537	1	0	.	.	ybt:irp1
irp1_538	1	0	.	.	ybt:irp1
irp1_539	1	0	.	.	ybt:irp1
irp1_540	1	0	.	.	ybt:irp1
irp1_541	1	0	.	.	ybt:irp1
irp1_542	1	0	.	.	ybt:irp1
irp1_543	1	0	.	.	ybt:irp1
irp1_544	1	0	.	.	ybt:irp1
irp1_545	1	0	.	.	ybt:irp1
irp1_546	1	0	.	.	ybt:irp1
irp1_547	1	0	.	.	ybt:irp1
irp1_548	1	0	.	.	ybt:irp1
irp1_549	1	0	.	.	ybt:irp1
irp1_550	1	0	.	.	ybt:irp1
irp1_551	1	0	.	.	ybt:irp1
irp1_552	1	0	.	.	ybt:irp1
irp1_553	1	0	.	.	ybt:irp1
irp1_554	1	0	.	.	ybt:irp1
irp1_555	1	0	.	.	ybt:irp1
irp1_556	1	0	.	.	ybt:irp1
irp1_557	1	0	.	.	ybt:irp1
irp1_558	1	0	.	.	ybt:irp1
irp1_559	1	0	.	.	ybt:irp1
irp1_560	1	0	.	.	ybt:irp1
irp1_561	1	0	.	.	ybt:irp1
irp1_562	1	0	.	.	ybt:irp1
irp1_563	1	0	.	.	ybt:irp1
irp1_564	1	0	.	.	ybt:irp1
irp1_565	1	0	.	.	ybt:irp1
irp1_566	1	0	.	.	ybt:irp1
irp1_567	1	0	.	.	ybt:irp1
irp1_568	1	0	.	.	ybt:irp1
irp1_569	1	0	.	.	ybt:irp1
irp1_570	1	0	.	.	ybt:irp1
irp1_571	1	0	.	.	ybt:irp1
irp1_572	1	0	.	.	ybt:irp1
irp1_573	1	0	.	.	ybt:irp1
irp1_574	1	0	.	.	ybt:irp1
irp1_575	1	0	.	.	ybt:irp1
irp1_576	1	0	.	.	ybt:irp1
irp1_577	1	0	.	.	ybt:irp1
irp1_578	1	0	.	.	ybt:irp1
irp1_579	1	0	.	.	ybt:irp1
irp1_580	1	0	.	.	ybt:irp1
irp1_581	1	0	.	.	ybt:irp1
irp1_582	1	0	.	.	ybt:irp1
irp1_583	1	0	.	.	ybt:irp1
irp1_584	1	0	.	.	ybt:irp1
irp1_585	1	0	.	.	ybt:irp1
irp1_586	1	0	.	.	ybt:irp1
irp1_587	1	0	.	.	ybt:irp1
irp1_588	1	0	.	.	ybt:irp1
irp1_589	1	0	.	.	ybt:irp1
irp1_590	1	0	.	.	ybt:irp1
irp1_591	1	0	.	.	ybt:irp1
irp1_592	1	0	.	.	ybt:irp1
irp1_593	1	0	.	.	ybt:irp1
irp1_594	1	0	.	.	ybt:irp1
irp1_595	1	0	.	.	ybt:irp1
irp1_596	1	0	.	.	ybt:irp1
irp1_597	1	0	.	.	ybt:irp1
irp1_598	1	0	.	.	ybt:irp1
irp1_599	1	0	.	.	ybt:irp1
irp1_600	1	0	.	.	ybt:irp1
irp1_601	1	0	.	.	ybt:irp1
irp1_602	1	0	.	.	ybt:irp1
irp1_603	1	0	.	.	ybt:irp1
irp1_604	1	0	.	.	ybt:irp1
irp1_605	1	0	.	.	ybt:irp1
irp1_606	1	0	.	.	ybt:irp1
irp1_607	1	0	.	.	ybt:irp1
irp1_608	1	0	.	.	ybt:irp1
irp1_609	1	0	.	.	ybt:irp1
irp1_610	1	0	.	.	ybt:irp1
irp1_611	1	0	.	.	ybt:irp1
irp1_612	1	0	.	.	ybt:irp1
irp1_613	1	0	.	.	ybt:irp1
irp1_614	1	0	.	.	ybt:irp1
irp1_615	1	0	.	.	ybt:irp1
irp1_616	1	0	.	.	ybt:irp1
irp1_617	1	0	.	.	ybt:irp1
irp1_618	1	0	.	.	ybt:irp1
irp1_619	1	0	.	.	ybt:irp1
irp1_620	1	0	.	.	ybt:irp1
irp1_621	1	0	.	.	ybt:irp1
irp1_622	1	0	.	.	ybt:irp1
irp1_623	1	0	.	.	ybt:irp1
irp1_624	1	0	.	.	ybt:irp1
irp1_625	1	0	.	.	ybt:irp1
irp1_626	1	0	.	.	ybt:irp1
irp1_627	1	0	.	.	ybt:irp1
irp1_628	1	0	.	.	ybt:irp1
irp1_629	1	0	.	.	ybt:irp1
irp1_630	1	0	.	.	ybt:irp1
irp1_631	1	0	.	.	ybt:irp1
irp1_632	1	0	.	.	ybt:irp1
irp1_633	1	0	.	.	ybt:irp1
irp1_634	1	0	.	.	ybt:irp1
irp1_635	1	0	.	.	ybt:irp1
irp1_636	1	0	.	.	ybt:irp1
irp2_1	1	0	.	.	ybt:irp2
irp2_2	1	0	.	.	ybt:irp2
irp2_3	1	0	.	.	ybt:irp2
irp2_4	1	0	.	.	ybt:irp2
irp2_5	1	0	.	.	ybt:irp2
irp2_6	1	0	.	.	ybt:irp2
irp2_7	1	0	.	.	ybt:irp2
irp2_8	1	0	.	.	ybt:irp2
irp2_9	1	0	.	.	ybt:irp2
irp2_10	1	0	.	.	ybt:irp2
irp2_11	1	0	.	.	ybt:irp2
irp2_12	1	0	.	.	ybt:irp2
irp2_13	1	0	.	.	ybt:irp2
irp2_14	1	0	.	.	ybt:irp2
irp2_15	1	0	.	.	ybt:irp2
irp2_16	1	0	.	.	ybt:irp2
irp2_17	1	0	.	.	ybt:irp2
irp2_18	1	0	.	.	ybt:irp2
irp2_19	1	0	.	.	ybt:irp2
irp2_20	1	0	.	.	ybt:irp2
irp2_21	1	0	.	.	ybt:irp2
irp2_22	1	0	.	.	ybt:irp2
irp2_23	1	0	.	.	ybt:irp2
irp2_24	1	0	.	.	ybt:irp2
irp2_25	1	0	.	.	ybt:irp2
irp2_26	1	0	.	.	ybt:irp2
irp2_27	1	0	.	.	ybt:irp2
irp2_28	1	0	.	.	ybt:irp2
irp2_29	1	0	.	.	ybt:irp2
irp2_30	1	0	.	.	ybt:irp2
irp2_31	1	0	.	.	ybt:irp2
irp2_32	1	0	.	.	ybt:irp2
irp2_33	1	0	.	.	ybt:irp2
irp2_34	1	0	.	.	ybt:irp2
irp2_35	1	0	.	.	ybt:irp2
irp2_36	1	0	.	.	ybt:irp2
irp2_37	1	0	.	.	ybt:irp2
irp2_38	1	0	.	.	ybt:irp2
irp2_39	1	0	.	.	ybt:irp2
irp2_40	1	0	.	.	ybt:irp2
irp2_41	1	0	.	.	ybt:irp2
irp2_42	1	0	.	.	ybt:irp2
irp2_43	1	0	.	.	ybt:irp2
irp2_44	1	0	.	.	ybt:irp2
irp2_45	1	0	.	.	ybt:irp2
irp2_46	1	0	.	.	ybt:irp2
irp2_47	1	0	.	.	ybt:irp2
irp2_48	1	0	.	.	ybt:irp2
irp2_49	1	0	.	.	ybt:irp2
irp2_50	1	0	.	.	ybt:irp2
irp2_51	1	0	.	.	ybt:irp2
irp2_52	1	0	.	.	ybt:irp2
irp2_53	1	0	.	.	ybt:irp2
irp2_54	1	0	.	.	ybt:irp2
irp2_55	1	0	.	.	ybt:irp2
irp2_56	1	0	.	.	ybt:irp2
irp2_57	1	0	.	.	ybt:irp2
irp2_58	1	0	.	.	ybt:irp2
irp2_59	1	0	.	.	ybt:irp2
irp2_60	1	0	.	.	ybt:irp2
irp2_61	1	0	.	.	ybt:irp2
irp2_62	1	0	.	.	ybt:irp2
irp2_63	1	0	.	.	ybt:irp2
irp2_64	1	0	.	.	ybt:irp2
irp2_65	1	0	.	.	ybt:irp2
irp2_66	1	0	.	.	ybt:irp2
irp2_67	1	0	.	.	ybt:irp2
irp2_68	1	0	.	.	ybt:irp2
irp2_69	1	0	.	.	ybt:irp2
irp2_70	1	0	.	.	ybt:irp2
irp2_71	1	0	.	.	ybt:irp2
irp2_72	1	0	.	.	ybt:irp2
irp2_73	1	0	.	.	ybt:irp2
irp2_74	1	0	.	.	ybt:irp2
irp2_75	1	0	.	.	ybt:irp2
irp2_76	1	0	.	.	ybt:irp2
irp2_77	1	0	.	.	ybt:irp2
irp2_78	1	0	.	.	ybt:irp2
irp2_79	1	0	.	.	ybt:irp2
irp2_80	1	0	.	.	ybt:irp2
irp2_81	1	0	.	.	ybt:irp2
irp2_82	1	0	.	.	ybt:irp2
irp2_83	1	0	.	.	ybt:irp2
irp2_84	1	0	.	.	ybt:irp2
irp2_85	1	0	.	.	ybt:irp2
irp2_86	1	0	.	.	ybt:irp2
irp2_87	1	0	.	.	ybt:irp2
irp2_88	1	0	.	.	ybt:irp2
irp2_89	1	0	.	.	ybt:irp2
irp2_90	1	0	.	.	ybt:irp2
irp2_91	1	0	.	.	ybt:irp2
irp2_92	1	0	.	.	ybt:irp2
irp2_93	1	0	.	.	ybt:irp2
irp2_94	1	0	.	.	ybt:irp2
irp2_95	1	0	.	.	ybt:irp2
irp2_96	1	0	.	.	ybt:irp2
irp2_97	1	0	.	.	ybt:irp2
irp2_98	1	0	.	.	ybt:irp2
irp2_99	1	0	.	.	ybt:irp2
irp2_100	1	0	.	.	ybt:irp2
irp2_101	1	0	.	.	ybt:irp2
irp2_102	1	0	.	.	ybt:irp2
irp2_103	1	0	.	.	ybt:irp2
irp2_104	1	0	.	.	ybt:irp2
irp2_105	1	0	.	.	ybt:irp2
irp2_106	1	0	.	.	ybt:irp2
irp2_107	1	0	.	.	ybt:irp2
irp2_108	1	0	.	.	ybt:irp2
irp2_109	1	0	.	.	ybt:irp2
irp2_110	1	0	.	.	ybt:irp2
irp2_111	1	0	.	.	ybt:irp2
irp2_112	1	0	.	.	ybt:irp2
irp2_113	1	0	.	.	ybt:irp2
irp2_114	1	0	.	.	ybt:irp2
irp2_115	1	0	.	.	ybt:irp2
irp2_116	1	0	.	.	ybt:irp2
irp2_117	1	0	.	.	ybt:irp2
irp2_118	1	0	.	.	ybt:irp2
irp2_119	1	0	.	.	ybt:irp2
irp2_120	1	0	.	.	ybt:irp2
irp2_121	1	0	.	.	ybt:irp2
irp2_122	1	0	.	.	ybt:irp2
irp2_123	1	0	.	.	ybt:irp2
irp2_124	1	0	.	.	ybt:irp2
irp2_125	1	0	.	.	ybt:irp2
irp2_126	1	0	.	.	ybt:irp2
irp2_127	1	0	.	.	ybt:irp2
irp2_128	1	0	.	.	ybt:irp2
irp2_129	1	0	.	.	ybt:irp2
irp2_130	1	0	.	.	ybt:irp2
irp2_131	1	0	.	.	ybt:irp2
irp2_132	1	0	.	.	ybt:irp2
irp2_133	1	0	.	.	ybt:irp2
irp2_134	1	0	.	.	ybt:irp2
irp2_135	1	0	.	.	ybt:irp2
irp2_136	1	0	.	.	ybt:irp2
irp2_137	1	0	.	.	ybt:irp2
irp2_138	1	0	.	.	ybt:irp2
irp2_139	1	0	.	.	ybt:irp2
irp2_140	1	0	.	.	ybt:irp2
irp2_141	1	0	.	.	ybt:irp2
irp2_142	1	0	.	.	ybt:irp2
irp2_143	1	0	.	.	ybt:irp2
irp2_144	1	0	.	.	ybt:irp2
irp2_145	1	0	.	.	ybt:irp2
irp2_146	1	0	.	.	ybt:irp2
irp2_147	1	0	.	.	ybt:irp2
irp2_148	1	0	.	.	ybt:irp2
irp2_149	1	0	.	.	ybt:irp2
irp2_150	1	0	.	.	ybt:irp2
irp2_151	1	0	.	.	ybt:irp2
irp2_152	1	0	.	.	ybt:irp2
irp2_153	1	0	.	.	ybt:irp2
irp2_154	1	0	.	.	ybt:irp2
irp2_155	1	0	.	.	ybt:irp2
irp2_156	1	0	.	.	ybt:irp2
irp2_157	1	0	.	.	ybt:irp2
irp2_158	1	0	.	.	ybt:irp2
irp2_159	1	0	.	.	ybt:irp2
irp2_160	1	0	.	.	ybt:irp2
irp2_161	1	0	.	.	ybt:irp2
irp2_162	1	0	.	.	ybt:irp2
irp2_163	1	0	.	.	ybt:irp2
irp2_164	1	0	.	.	ybt:irp2
irp2_165	1	0	.	.	ybt:irp2
irp2_166	1	0	.	.	ybt:irp2
irp2_167	1	0	.	.	ybt:irp2
irp2_168	1	0	.	.	ybt:irp2
irp2_169	1	0	.	.	ybt:irp2
irp2_170	1	0	.	.	ybt:irp2
irp2_171	1	0	.	.	ybt:irp2
irp2_172	1	0	.	.	ybt:irp2
irp2_173	1	0	.	.	ybt:irp2
irp2_174	1	0	.	.	ybt:irp2
irp2_175	1	0	.	.	ybt:irp2
irp2_176	1	0	.	.	ybt:irp2
irp2_177	1	0	.	.	ybt:irp2
irp2_178	1	0	.	.	ybt:irp2
irp2_179	1	0	.	.	ybt:irp2
irp2_180	1	0	.	.	ybt:irp2
irp2_181	1	0	.	.	ybt:irp2
irp2_182	1	0	.	.	ybt:irp2
irp2_183	1	0	.	.	ybt:irp2
irp2_184	1	0	.	.	ybt:irp2
irp2_185	1	0	.	.	ybt:irp2
irp2_186	1	0	.	.	ybt:irp2
irp2_187	1	0	.	.	ybt:irp2
irp2_188	1	0	.	.	ybt:irp2
irp2_189	1	0	.	.	ybt:irp2
irp2_190	1	0	.	.	ybt:irp2
irp2_191	1	0	.	.	ybt:irp2
irp2_192	1	0	.	.	ybt:irp2
irp2_193	1	0	.	.	ybt:irp2
irp2_194	1	0	.	.	ybt:irp2
irp2_195	1	0	.	.	ybt:irp2
irp2_196	1	0	.	.	ybt:irp2
irp2_197	1	0	.	.	ybt:irp2
irp2_198	1	0	.	.	ybt:irp2
irp2_199	1	0	.	.	ybt:irp2
irp2_200	1	0	.	.	ybt:irp2
irp2_201	1	0	.	.	ybt:irp2
irp2_202	1	0	.	.	ybt:irp2
irp2_203	1	0	.	.	ybt:irp2
irp2_204	1	0	.	.	ybt:irp2
irp2_205	1	0	.	.	ybt:irp2
irp2_206	1	0	.	.	ybt:irp2
irp2_207	1	0	.	.	ybt:irp2
irp2_208	1	0	.	.	ybt:irp2
irp2_209	1	0	.	.	ybt:irp2
irp2_210	1	0	.	.	ybt:irp2
irp2_211	1	0	.	.	ybt:irp2
irp2_212	1	0	.	.	ybt:irp2
irp2_213	1	0	.	.	ybt:irp2
irp2_214	1	0	.	.	ybt:irp2
irp2_215	1	0	.	.	ybt:irp2
irp2_216	1	0	.	.	ybt:irp2
irp2_217	1	0	.	.	ybt:irp2
irp2_218	1	0	.	.	ybt:irp2
irp2_219	1	0	.	.	ybt:irp2
irp2_220	1	0	.	.	ybt:irp2
irp2_221	1	0	.	.	ybt:irp2
irp2_222	1	0	.	.	ybt:irp2
irp2_223	1	0	.	.	ybt:irp2
irp2_224	1	0	.	.	ybt:irp2
irp2_225	1	0	.	.	ybt:irp2
irp2_226	1	0	.	.	ybt:irp2
irp2_227	1	0	.	.	ybt:irp2
irp2_228	1	0	.	.	ybt:irp2
irp2_229	1	0	.	.	ybt:irp2
irp2_230	1	0	.	.	ybt:irp2
irp2_231	1	0	.	.	ybt:irp2
irp2_232	1	0	.	.	ybt:irp2
irp2_233	1	0	.	.	ybt:irp2
irp2_234	1	0	.	.	ybt:irp2
irp2_235	1	0	.	.	ybt:irp2
irp2_236	1	0	.	.	ybt:irp2
irp2_237	1	0	.	.	ybt:irp2
irp2_238	1	0	.	.	ybt:irp2
irp2_239	1	0	.	.	ybt:irp2
irp2_240	1	0	.	.	ybt:irp2
irp2_241	1	0	.	.	ybt:irp2
irp2_242	1	0	.	.	ybt:irp2
irp2_243	1	0	.	.	ybt:irp2
irp2_244	1	0	.	.	ybt:irp2
irp2_245	1	0	.	.	ybt:irp2
irp2_246	1	0	.	.	ybt:irp2
irp2_247	1	0	.	.	ybt:irp2
irp2_248	1	0	.	.	ybt:irp2
irp2_249	1	0	.	.	ybt:irp2
irp2_250	1	0	.	.	ybt:irp2
irp2_251	1	0	.	.	ybt:irp2
irp2_252	1	0	.	.	ybt:irp2
irp2_253	1	0	.	.	ybt:irp2
irp2_254	1	0	.	.	ybt:irp2
irp2_255	1	0	.	.	ybt:irp2
irp2_256	1	0	.	.	ybt:irp2
irp2_257	1	0	.	.	ybt:irp2
irp2_258	1	0	.	.	ybt:irp2
irp2_259	1	0	.	.	ybt:irp2
irp2_260	1	0	.	.	ybt:irp2
irp2_261	1	0	.	.	ybt:irp2
irp2_262	1	0	.	.	ybt:irp2
irp2_263	1	0	.	.	ybt:irp2
irp2_264	1	0	.	.	ybt:irp2
irp2_265	1	0	.	.	ybt:irp2
irp2_266	1	0	.	.	ybt:irp2
irp2_267	1	0	.	.	ybt:irp2
irp2_268	1	0	.	.	ybt:irp2
irp2_269	1	0	.	.	ybt:irp2
irp2_270	1	0	.	.	ybt:irp2
irp2_271	1	0	.	.	ybt:irp2
irp2_272	1	0	.	.	ybt:irp2
irp2_273	1	0	.	.	ybt:irp2
irp2_274	1	0	.	.	ybt:irp2
irp2_275	1	0	.	.	ybt:irp2
irp2_276	1	0	.	.	ybt:irp2
irp2_277	1	0	.	.	ybt:irp2
irp2_278	1	0	.	.	ybt:irp2
irp2_279	1	0	.	.	ybt:irp2
irp2_280	1	0	.	.	ybt:irp2
irp2_281	1	0	.	.	ybt:irp2
irp2_282	1	0	.	.	ybt:irp2
irp2_283	1	0	.	.	ybt:irp2
irp2_284	1	0	.	.	ybt:irp2
irp2_285	1	0	.	.	ybt:irp2
irp2_286	1	0	.	.	ybt:irp2
irp2_287	1	0	.	.	ybt:irp2
irp2_288	1	0	.	.	ybt:irp2
irp2_289	1	0	.	.	ybt:irp2
irp2_290	1	0	.	.	ybt:irp2
irp2_291	1	0	.	.	ybt:irp2
irp2_292	1	0	.	.	ybt:irp2
irp2_293	1	0	.	.	ybt:irp2
irp2_294	1	0	.	.	ybt:irp2
irp2_295	1	0	.	.	ybt:irp2
irp2_296	1	0	.	.	ybt:irp2
irp2_297	1	0	.	.	ybt:irp2
irp2_298	1	0	.	.	ybt:irp2
irp2_299	1	0	.	.	ybt:irp2
irp2_300	1	0	.	.	ybt:irp2
irp2_301	1	0	.	.	ybt:irp2
irp2_302	1	0	.	.	ybt:irp2
irp2_303	1	0	.	.	ybt:irp2
irp2_304	1	0	.	.	ybt:irp2
irp2_305	1	0	.	.	ybt:irp2
irp2_306	1	0	.	.	ybt:irp2
irp2_307	1	0	.	.	ybt:irp2
irp2_308	1	0	.	.	ybt:irp2
irp2_309	1	0	.	.	ybt:irp2
irp2_310	1	0	.	.	ybt:irp2
irp2_311	1	0	.	.	ybt:irp2
irp2_312	1	0	.	.	ybt:irp2
irp2_313	1	0	.	.	ybt:irp2
irp2_314	1	0	.	.	ybt:irp2
irp2_315	1	0	.	.	ybt:irp2
irp2_316	1	0	.	.	ybt:irp2
irp2_317	1	0	.	.	ybt:irp2
irp2_318	1	0	.	.	ybt:irp2
irp2_319	1	0	.	.	ybt:irp2
irp2_320	1	0	.	.	ybt:irp2
irp2_321	1	0	.	.	ybt:irp2
irp2_322	1	0	.	.	ybt:irp2
irp2_323	1	0	.	.	ybt:irp2
irp2_324	1	0	.	.	ybt:irp2
irp2_325	1	0	.	.	ybt:irp2
irp2_326	1	0	.	.	ybt:irp2
irp2_327	1	0	.	.	ybt:irp2
irp2_328	1	0	.	.	ybt:irp2
irp2_329	1	0	.	.	ybt:irp2
irp2_330	1	0	.	.	ybt:irp2
irp2_331	1	0	.	.	ybt:irp2
irp2_332	1	0	.	.	ybt:irp2
irp2_333	1	0	.	.	ybt:irp2
irp2_334	1	0	.	.	ybt:irp2
irp2_335	1	0	.	.	ybt:irp2
irp2_336	1	0	.	.	ybt:irp2
irp2_337	1	0	.	.	ybt:irp2
irp2_338	1	0	.	.	ybt:irp2
irp2_339	1	0	.	.	ybt:irp2
irp2_340	1	0	.	.	ybt:irp2
irp2_341	1	0	.	.	ybt:irp2
irp2_342	1	0	.	.	ybt:irp2
irp2_343	1	0	.	.	ybt:irp2
irp2_344	1	0	.	.	ybt:irp2
irp2_345	1	0	.	.	ybt:irp2
irp2_346	1	0	.	.	ybt:irp2
irp2_347	1	0	.	.	ybt:irp2
irp2_348	1	0	.	.	ybt:irp2
irp2_349	1	0	.	.	ybt:irp2
irp2_350	1	0	.	.	ybt:irp2
irp2_351	1	0	.	.	ybt:irp2
irp2_352	1	0	.	.	ybt:irp2
irp2_353	1	0	.	.	ybt:irp2
irp2_354	1	0	.	.	ybt:irp2
irp2_355	1	0	.	.	ybt:irp2
irp2_356	1	0	.	.	ybt:irp2
irp2_357	1	0	.	.	ybt:irp2
irp2_358	1	0	.	.	ybt:irp2
irp2_359	1	0	.	.	ybt:irp2
irp2_360	1	0	.	.	ybt:irp2
irp2_361	1	0	.	.	ybt:irp2
irp2_362	1	0	.	.	ybt:irp2
irp2_363	1	0	.	.	ybt:irp2
irp2_364	1	0	.	.	ybt:irp2
irp2_365	1	0	.	.	ybt:irp2
irp2_366	1	0	.	.	ybt:irp2
irp2_367	1	0	.	.	ybt:irp2
irp2_368	1	0	.	.	ybt:irp2
irp2_369	1	0	.	.	ybt:irp2
irp2_370	1	0	.	.	ybt:irp2
irp2_371	1	0	.	.	ybt:irp2
irp2_372	1	0	.	.	ybt:irp2
irp2_373	1	0	.	.	ybt:irp2
irp2_374	1	0	.	.	ybt:irp2
irp2_375	1	0	.	.	ybt:irp2
irp2_376	1	0	.	.	ybt:irp2
irp2_377	1	0	.	.	ybt:irp2
irp2_378	1	0	.	.	ybt:irp2
irp2_379	1	0	.	.	ybt:irp2
irp2_380	1	0	.	.	ybt:irp2
irp2_381	1	0	.	.	ybt:irp2
irp2_382	1	0	.	.	ybt:irp2
irp2_383	1	0	.	.	ybt:irp2
irp2_384	1	0	.	.	ybt:irp2
irp2_385	1	0	.	.	ybt:irp2
irp2_386	1	0	.	.	ybt:irp2
irp2_387	1	0	.	.	ybt:irp2
irp2_388	1	0	.	.	ybt:irp2
irp2_389	1	0	.	.	ybt:irp2
irp2_390	1	0	.	.	ybt:irp2
irp2_391	1	0	.	.	ybt:irp2
irp2_392	1	0	.	.	ybt:irp2
irp2_393	1	0	.	.	ybt:irp2
irp2_394	1	0	.	.	ybt:irp2
irp2_395	1	0	.	.	ybt:irp2
irp2_396	1	0	.	.	ybt:irp2
irp2_397	1	0	.	.	ybt:irp2
irp2_398	1	0	.	.	ybt:irp2
irp2_399	1	0	.	.	ybt:irp2
irp2_400	1	0	.	.	ybt:irp2
irp2_401	1	0	.	.	ybt:irp2
irp2_402	1	0	.	.	ybt:irp2
irp2_403	1	0	.	.	ybt:irp2
irp2_404	1	0	.	.	ybt:irp2
irp2_405	1	0	.	.	ybt:irp2
irp2_406	1	0	.	.	ybt:irp2
irp2_407	1	0	.	.	ybt:irp2
irp2_408	1	0	.	.	ybt:irp2
irp2_409	1	0	.	.	ybt:irp2
irp2_410	1	0	.	.	ybt:irp2
irp2_411	1	0	.	.	ybt:irp2
irp2_412	1	0	.	.	ybt:irp2
irp2_413	1	0	.	.	ybt:irp2
irp2_414	1	0	.	.	ybt:irp2
irp2_415	1	0	.	.	ybt:irp2
irp2_416	1	0	.	.	ybt:irp2
irp2_417	1	0	.	.	ybt:irp2
irp2_418	1	0	.	.	ybt:irp2
irp2_419	1	0	.	.	ybt:irp2
irp2_420	1	0	.	.	ybt:irp2
irp2_421	1	0	.	.	ybt:irp2
irp2_422	1	0	.	.	ybt:irp2
irp2_423	1	0	.	.	ybt:irp2
irp2_424	1	0	.	.	ybt:irp2
irp2_425	1	0	.	.	ybt:irp2
irp2_426	1	0	.	.	ybt:irp2
irp2_427	1	0	.	.	ybt:irp2
irp2_428	1	0	.	.	ybt:irp2
irp2_429	1	0	.	.	ybt:irp2
irp2_430	1	0	.	.	ybt:irp2
irp2_431	1	0	.	.	ybt:irp2
irp2_432	1	0	.	.	ybt:irp2
irp2_433	1	0	.	.	ybt:irp2
irp2_434	1	0	.	.	ybt:irp2
irp2_435	1	0	.	.	ybt:irp2
irp2_436	1	0	.	.	ybt:irp2
irp2_437	1	0	.	.	ybt:irp2
irp2_438	1	0	.	.	ybt:irp2
irp2_439	1	0	.	.	ybt:irp2
irp2_440	1	0	.	.	ybt:irp2
irp2_441	1	0	.	.	ybt:irp2
irp2_442	1	0	.	.	ybt:irp2
irp2_443	1	0	.	.	ybt:irp2
irp2_444	1	0	.	.	ybt:irp2
irp2_445	1	0	.	.	ybt:irp2
irp2_446	1	0	.	.	ybt:irp2
irp2_447	1	0	.	.	ybt:irp2
irp2_448	1	0	.	.	ybt:irp2
irp2_449	1	0	.	.	ybt:irp2
irp2_450	1	0	.	.	ybt:irp2
irp2_451	1	0	.	.	ybt:irp2
irp2_452	1	0	.	.	ybt:irp2
irp2_453	1	0	.	.	ybt:irp2
irp2_454	1	0	.	.	ybt:irp2
irp2_455	1	0	.	.	ybt:irp2
irp2_456	1	0	.	.	ybt:irp2
irp2_457	1	0	.	.	ybt:irp2
irp2_458	1	0	.	.	ybt:irp2
irp2_459	1	0	.	.	ybt:irp2
irp2_460	1	0	.	.	ybt:irp2
irp2_461	1	0	.	.	ybt:irp2
irp2_462	1	0	.	.	ybt:irp2
irp2_463	1	0	.	.	ybt:irp2
irp2_464	1	0	.	.	ybt:irp2
irp2_465	1	0	.	.	ybt:irp2
irp2_466	1	0	.	.	ybt:irp2
irp2_467	1	0	.	.	ybt:irp2
irp2_468	1	0	.	.	ybt:irp2
irp2_469	1	0	.	.	ybt:irp2
irp2_470	1	0	.	.	ybt:irp2
irp2_471	1	0	.	.	ybt:irp2
irp2_472	1	0	.	.	ybt:irp2
irp2_473	1	0	.	.	ybt:irp2
irp2_474	1	0	.	.	ybt:irp2
irp2_475	1	0	.	.	ybt:irp2
irp2_476	1	0	.	.	ybt:irp2
irp2_477	1	0	.	.	ybt:irp2
irp2_478	1	0	.	.	ybt:irp2
irp2_479	1	0	.	.	ybt:irp2
irp2_480	1	0	.	.	ybt:irp2
irp2_481	1	0	.	.	ybt:irp2
irp2_482	1	0	.	.	ybt:irp2
irp2_483	1	0	.	.	ybt:irp2
irp2_484	1	0	.	.	ybt:irp2
irp2_485	1	0	.	.	ybt:irp2
irp2_486	1	0	.	.	ybt:irp2
irp2_487	1	0	.	.	ybt:irp2
irp2_488	1	0	.	.	ybt:irp2
irp2_489	1	0	.	.	ybt:irp2
irp2_490	1	0	.	.	ybt:irp2
irp2_491	1	0	.	.	ybt:irp2
irp2_492	1	0	.	.	ybt:irp2
irp2_493	1	0	.	.	ybt:irp2
irp2_494	1	0	.	.	ybt:irp2
irp2_495	1	0	.	.	ybt:irp2
irp2_496	1	0	.	.	ybt:irp2
irp2_497	1	0	.	.	ybt:irp2
irp2_498	1	0	.	.	ybt:irp2
irp2_499	1	0	.	.	ybt:irp2
irp2_500	1	0	.	.	ybt:irp2
irp2_501	1	0	.	.	ybt:irp2
irp2_502	1	0	.	.	ybt:irp2
irp2_503	1	0	.	.	ybt:irp2
irp2_504	1	0	.	.	ybt:irp2
irp2_505	1	0	.	.	ybt:irp2
irp2_506	1	0	.	.	ybt:irp2
irp2_507	1	0	.	.	ybt:irp2
irp2_508	1	0	.	.	ybt:irp2
irp2_509	1	0	.	.	ybt:irp2
irp2_510	1	0	.	.	ybt:irp2
irp2_511	1	0	.	.	ybt:irp2
irp2_512	1	0	.	.	ybt:irp2
irp2_513	1	0	.	.	ybt:irp2
irp2_514	1	0	.	.	ybt:irp2
irp2_515	1	0	.	.	ybt:irp2
irp2_516	1	0	.	.	ybt:irp2
irp2_517	1	0	.	.	ybt:irp2
irp2_518	1	0	.	.	ybt:irp2
irp2_519	1	0	.	.	ybt:irp2
irp2_520	1	0	.	.	ybt:irp2
irp2_521	1	0	.	.	ybt:irp2
irp2_522	1	0	.	.	ybt:irp2
irp2_523	1	0	.	.	ybt:irp2
irp2_524	1	0	.	.	ybt:irp2
irp2_525	1	0	.	.	ybt:irp2
irp2_526	1	0	.	.	ybt:irp2
irp2_527	1	0	.	.	ybt:irp2
irp2_528	1	0	.	.	ybt:irp2
irp2_529	1	0	.	.	ybt:irp2
irp2_530	1	0	.	.	ybt:irp2
irp2_531	1	0	.	.	ybt:irp2
irp2_532	1	0	.	.	ybt:irp2
irp2_533	1	0	.	.	ybt:irp2
ybtA_1	1	0	.	.	ybt:ybtA
ybtA_2	1	0	.	.	ybt:ybtA
ybtA_3	1	0	.	.	ybt:ybtA
ybtA_4	1	0	.	.	ybt:ybtA
ybtA_5	1	0	.	.	ybt:ybtA
ybtA_6	1	0	.	.	ybt:ybtA
ybtA_7	1	0	.	.	ybt:ybtA
ybtA_8	1	0	.	.	ybt:ybtA
ybtA_9	1	0	.	.	ybt:ybtA
ybtA_10	1	0	.	.	ybt:ybtA
ybtA_11	1	0	.	.	ybt:ybtA
ybtA_12	1	0	.	.	ybt:ybtA
ybtA_13	1	0	.	.	ybt:ybtA
ybtA_14	1	0	.	.	ybt:ybtA
ybtA_15	1	0	.	.	ybt:ybtA
ybtA_16	1	0	.	.	ybt:ybtA
ybtA_17	1	0	.	.	ybt:ybtA
ybtA_18	1	0	.	.	ybt:ybtA
ybtA_19	1	0	.	.	ybt:ybtA
ybtA_20	1	0	.	.	ybt:ybtA
ybtA_21	1	0	.	.	ybt:ybtA
ybtA_22	1	0	.	.	ybt:ybtA
ybtA_23	1	0	.	.	ybt:ybtA
ybtA_24	1	0	.	.	ybt:ybtA
ybtA_25	1	0	.	.	ybt:ybtA
ybtA_26	1	0	.	.	ybt:ybtA
ybtA_27	1	0	.	.	ybt:ybtA
ybtA_28	1	0	.	.	ybt:ybtA
ybtA_29	1	0	.	.	ybt:ybtA
ybtA_30	1	0	.	.	ybt:ybtA
ybtA_31	1	0	.	.	ybt:ybtA
ybtA_32	1	0	.	.	ybt:ybtA
ybtA_33	1	0	.	.	ybt:ybtA
ybtA_34	1	0	.	.	ybt:ybtA
ybtA_35	1	0	.	.	ybt:ybtA
ybtA_36	1	0	.	.	ybt:ybtA
ybtA_37	1	0	.	.	ybt:ybtA
ybtA_38	1	0	.	.	ybt:ybtA
ybtA_39	1	0	.	.	ybt:ybtA
ybtA_40	1	0	.	.	ybt:ybtA
ybtA_41	1	0	.	.	ybt:ybtA
ybtA_42	1	0	.	.	ybt:ybtA
ybtA_43	1	0	.	.	ybt:ybtA
ybtA_44	1	0	.	.	ybt:ybtA
ybtA_45	1	0	.	.	ybt:ybtA
ybtA_46	1	0	.	.	ybt:ybtA
ybtA_47	1	0	.	.	ybt:ybtA
ybtA_48	1	0	.	.	ybt:ybtA
ybtA_49	1	0	.	.	ybt:ybtA
ybtA_50	1	0	.	.	ybt:ybtA
ybtA_51	1	0	.	.	ybt:ybtA
ybtA_52	1	0	.	.	ybt:ybtA
ybtA_53	1	0	.	.	ybt:ybtA
ybtA_54	1	0	.	.	ybt:ybtA
ybtA_55	1	0	.	.	ybt:ybtA
ybtA_56	1	0	.	.	ybt:ybtA
ybtA_57	1	0	.	.	ybt:ybtA
ybtA_58	1	0	.	.	ybt:ybtA
ybtA_59	1	0	.	.	ybt:ybtA
ybtA_60	1	0	.	.	ybt:ybtA
ybtA_61	1	0	.	.	ybt:ybtA
ybtA_62	1	0	.	.	ybt:ybtA
ybtA_63	1	0	.	.	ybt:ybtA
ybtA_64	1	0	.	.	ybt:ybtA
ybtA_65	1	0	.	.	ybt:ybtA
ybtA_66	1	0	.	.	ybt:ybtA
ybtA_67	1	0	.	.	ybt:ybtA
ybtA_68	1	0	.	.	ybt:ybtA
ybtA_69	1	0	.	.	ybt:ybtA
ybtA_70	1	0	.	.	ybt:ybtA
ybtA_71	1	0	.	.	ybt:ybtA
ybtA_72	1	0	.	.	ybt:ybtA
ybtA_73	1	0	.	.	ybt:ybtA
ybtA_74	1	0	.	.	ybt:ybtA
ybtA_75	1	0	.	.	ybt:ybtA
ybtA_76	1	0	.	.	ybt:ybtA
ybtA_77	1	0	.	.	ybt:ybtA
ybtA_78	1	0	.	.	ybt:ybtA
ybtA_79	1	0	.	.	ybt:ybtA
ybtA_80	1	0	.	.	ybt:ybtA
ybtA_81	1	0	.	.	ybt:ybtA
ybtA_82	1	0	.	.	ybt:ybtA
ybtA_83	1	0	.	.	ybt:ybtA
ybtA_84	1	0	.	.	ybt:ybtA
ybtA_85	1	0	.	.	ybt:ybtA
ybtA_86	1	0	.	.	ybt:ybtA
ybtA_87	1	0	.	.	ybt:ybtA
ybtA_88	1	0	.	.	ybt:ybtA
ybtA_89	1	0	.	.	ybt:ybtA
ybtA_90	1	0	.	.	ybt:ybtA
ybtA_91	1	0	.	.	ybt:ybtA
ybtA_92	1	0	.	.	ybt:ybtA
ybtA_93	1	0	.	.	ybt:ybtA
ybtA_94	1	0	.	.	ybt:ybtA
ybtA_95	1	0	.	.	ybt:ybtA
ybtA_96	1	0	.	.	ybt:ybtA
ybtA_97	1	0	.	.	ybt:ybtA
ybtA_98	1	0	.	.	ybt:ybtA
ybtA_99	1	0	.	.	ybt:ybtA
ybtA_100	1	0	.	.	ybt:ybtA
ybtA_101	1	0	.	.	ybt:ybtA
ybtA_102	1	0	.	.	ybt:ybtA
ybtA_103	1	0	.	.	ybt:ybtA
ybtA_104	1	0	.	.	ybt:ybtA
ybtA_105	1	0	.	.	ybt:ybtA
ybtA_106	1	0	.	.	ybt:ybtA
ybtA_107	1	0	.	.	ybt:ybtA
ybtA_108	1	0	.	.	ybt:ybtA
ybtA_109	1	0	.	.	ybt:ybtA
ybtE_1	1	0	.	.	ybt:ybtE
ybtE_2	1	0	.	.	ybt:ybtE
ybtE_3	1	0	.	.	ybt:ybtE
ybtE_4	1	0	.	.	ybt:ybtE
ybtE_5	1	0	.	.	ybt:ybtE
ybtE_6	1	0	.	.	ybt:ybtE
ybtE_7	1	0	.	.	ybt:ybtE
ybtE_8	1	0	.	.	ybt:ybtE
ybtE_9	1	0	.	.	ybt:ybtE
ybtE_10	1	0	.	.	ybt:ybtE
ybtE_11	1	0	.	.	ybt:ybtE
ybtE_12	1	0	.	.	ybt:ybtE
ybtE_13	1	0	.	.	ybt:ybtE
ybtE_14	1	0	.	.	ybt:ybtE
ybtE_15	1	0	.	.	ybt:ybtE
ybtE_16	1	0	.	.	ybt:ybtE
ybtE_17	1	0	.	.	ybt:ybtE
ybtE_18	1	0	.	.	ybt:ybtE
ybtE_19	1	0	.	.	ybt:ybtE
ybtE_20	1	0	.	.	ybt:ybtE
ybtE_21	1	0	.	.	ybt:ybtE
ybtE_22	1	0	.	.	ybt:ybtE
ybtE_23	1	0	.	.	ybt:ybtE
ybtE_24	1	0	.	.	ybt:ybtE
ybtE_25	1	0	.	.	ybt:ybtE
ybtE_26	1	0	.	.	ybt:ybtE
ybtE_27	1	0	.	.	ybt:ybtE
ybtE_28	1	0	.	.	ybt:ybtE
ybtE_29	1	0	.	.	ybt:ybtE
ybtE_30	1	0	.	.	ybt:ybtE
ybtE_31	1	0	.	.	ybt:ybtE
ybtE_32	1	0	.	.	ybt:ybtE
ybtE_33	1	0	.	.	ybt:ybtE
ybtE_34	1	0	.	.	ybt:ybtE
ybtE_35	1	0	.	.	ybt:ybtE
ybtE_36	1	0	.	.	ybt:ybtE
ybtE_37	1	0	.	.	ybt:ybtE
ybtE_38	1	0	.	.	ybt:ybtE
ybtE_39	1	0	.	.	ybt:ybtE
ybtE_40	1	0	.	.	ybt:ybtE
ybtE_41	1	0	.	.	ybt:ybtE
ybtE_42	1	0	.	.	ybt:ybtE
ybtE_43	1	0	.	.	ybt:ybtE
ybtE_44	1	0	.	.	ybt:ybtE
ybtE_45	1	0	.	.	ybt:ybtE
ybtE_46	1	0	.	.	ybt:ybtE
ybtE_47	1	0	.	.	ybt:ybtE
ybtE_48	1	0	.	.	ybt:ybtE
ybtE_49	1	0	.	.	ybt:ybtE
ybtE_50	1	0	.	.	ybt:ybtE
ybtE_51	1	0	.	.	ybt:ybtE
ybtE_52	1	0	.	.	ybt:ybtE
ybtE_53	1	0	.	.	ybt:ybtE
ybtE_54	1	0	.	.	ybt:ybtE
ybtE_55	1	0	.	.	ybt:ybtE
ybtE_56	1	0	.	.	ybt:ybtE
ybtE_57	1	0	.	.	ybt:ybtE
ybtE_58	1	0	.	.	ybt:ybtE
ybtE_59	1	0	.	.	ybt:ybtE
ybtE_60	1	0	.	.	ybt:ybtE
ybtE_61	1	0	.	.	ybt:ybtE
ybtE_62	1	0	.	.	ybt:ybtE
ybtE_63	1	0	.	.	ybt:ybtE
ybtE_64	1	0	.	.	ybt:ybtE
ybtE_65	1	0	.	.	ybt:ybtE
ybtE_66	1	0	.	.	ybt:ybtE
ybtE_67	1	0	.	.	ybt:ybtE
ybtE_68	1	0	.	.	ybt:ybtE
ybtE_69	1	0	.	.	ybt:ybtE
ybtE_70	1	0	.	.	ybt:ybtE
ybtE_71	1	0	.	.	ybt:ybtE
ybtE_72	1	0	.	.	ybt:ybtE
ybtE_73	1	0	.	.	ybt:ybtE
ybtE_74	1	0	.	.	ybt:ybtE
ybtE_75	1	0	.	.	ybt:ybtE
ybtE_76	1	0	.	.	ybt:ybtE
ybtE_77	1	0	.	.	ybt:ybtE
ybtE_78	1	0	.	.	ybt:ybtE
ybtE_79	1	0	.	.	ybt:ybtE
ybtE_80	1	0	.	.	ybt:ybtE
ybtE_81	1	0	.	.	ybt:ybtE
ybtE_82	1	0	.	.	ybt:ybtE
ybtE_83	1	0	.	.	ybt:ybtE
ybtE_84	1	0	.	.	ybt:ybtE
ybtE_85	1	0	.	.	ybt:ybtE
ybtE_86	1	0	.	.	ybt:ybtE
ybtE_87	1	0	.	.	ybt:ybtE
ybtE_88	1	0	.	.	ybt:ybtE
ybtE_89	1	0	.	.	ybt:ybtE
ybtE_90	1	0	.	.	ybt:ybtE
ybtE_91	1	0	.	.	ybt:ybtE
ybtE_92	1	0	.	.	ybt:ybtE
ybtE_93	1	0	.	.	ybt:ybtE
ybtE_94	1	0	.	.	ybt:ybtE
ybtE_95	1	0	.	.	ybt:ybtE
ybtE_96	1	0	.	.	ybt:ybtE
ybtE_97	1	0	.	.	ybt:ybtE
ybtE_98	1	0	.	.	ybt:ybtE
ybtE_99	1	0	.	.	ybt:ybtE
ybtE_100	1	0	.	.	ybt:ybtE
ybtE_101	1	0	.	.	ybt:ybtE
ybtE_102	1	0	.	.	ybt:ybtE
ybtE_103	1	0	.	.	ybt:ybtE
ybtE_104	1	0	.	.	ybt:ybtE
ybtE_105	1	0	.	.	ybt:ybtE
ybtE_106	1	0	.	.	ybt:ybtE
ybtE_107	1	0	.	.	ybt:ybtE
ybtE_108	1	0	.	.	ybt:ybtE
ybtE_109	1	0	.	.	ybt:ybtE
ybtE_110	1	0	.	.	ybt:ybtE
ybtE_111	1	0	.	.	ybt:ybtE
ybtE_112	1	0	.	.	ybt:ybtE
ybtE_113	1	0	.	.	ybt:ybtE
ybtE_114	1	0	.	.	ybt:ybtE
ybtE_115	1	0	.	.	ybt:ybtE
ybtE_116	1	0	.	.	ybt:ybtE
ybtE_117	1	0	.	.	ybt:ybtE
ybtE_118	1	0	.	.	ybt:ybtE
ybtE_119	1	0	.	.	ybt:ybtE
ybtE_120	1	0	.	.	ybt:ybtE
ybtE_121	1	0	.	.	ybt:ybtE
ybtE_122	1	0	.	.	ybt:ybtE
ybtE_123	1	0	.	.	ybt:ybtE
ybtE_124	1	0	.	.	ybt:ybtE
ybtE_125	1	0	.	.	ybt:ybtE
ybtE_126	1	0	.	.	ybt:ybtE
ybtE_127	1	0	.	.	ybt:ybtE
ybtE_128	1	0	.	.	ybt:ybtE
ybtE_129	1	0	.	.	ybt:ybtE
ybtE_130	1	0	.	.	ybt:ybtE
ybtE_131	1	0	.	.	ybt:ybtE
ybtE_132	1	0	.	.	ybt:ybtE
ybtE_133	1	0	.	.	ybt:ybtE
ybtE_134	1	0	.	.	ybt:ybtE
ybtE_135	1	0	.	.	ybt:ybtE
ybtE_136	1	0	.	.	ybt:ybtE
ybtE_137	1	0	.	.	ybt:ybtE
ybtE_138	1	0	.	.	ybt:ybtE
ybtE_139	1	0	.	.	ybt:ybtE
ybtE_140	1	0	.	.	ybt:ybtE
ybtE_141	1	0	.	.	ybt:ybtE
ybtE_142	1	0	.	.	ybt:ybtE
ybtE_143	1	0	.	.	ybt:ybtE
ybtE_144	1	0	.	.	ybt:ybtE
ybtE_145	1	0	.	.	ybt:ybtE
ybtE_146	1	0	.	.	ybt:ybtE
ybtE_147	1	0	.	.	ybt:ybtE
ybtE_148	1	0	.	.	ybt:ybtE
ybtE_149	1	0	.	.	ybt:ybtE
ybtE_150	1	0	.	.	ybt:ybtE
ybtE_151	1	0	.	.	ybt:ybtE
ybtE_152	1	0	.	.	ybt:ybtE
ybtE_153	1	0	.	.	ybt:ybtE
ybtE_154	1	0	.	.	ybt:ybtE
ybtE_155	1	0	.	.	ybt:ybtE
ybtE_156	1	0	.	.	ybt:ybtE
ybtE_157	1	0	.	.	ybt:ybtE
ybtE_158	1	0	.	.	ybt:ybtE
ybtE_159	1	0	.	.	ybt:ybtE
ybtE_160	1	0	.	.	ybt:ybtE
ybtE_161	1	0	.	.	ybt:ybtE
ybtE_162	1	0	.	.	ybt:ybtE
ybtE_163	1	0	.	.	ybt:ybtE
ybtE_164	1	0	.	.	ybt:ybtE
ybtE_165	1	0	.	.	ybt:ybtE
ybtE_166	1	0	.	.	ybt:ybtE
ybtE_167	1	0	.	.	ybt:ybtE
ybtE_168	1	0	.	.	ybt:ybtE
ybtE_169	1	0	.	.	ybt:ybtE
ybtE_170	1	0	.	.	ybt:ybtE
ybtE_171	1	0	.	.	ybt:ybtE
ybtE_172	1	0	.	.	ybt:ybtE
ybtE_173	1	0	.	.	ybt:ybtE
ybtE_174	1	0	.	.	ybt:ybtE
ybtE_175	1	0	.	.	ybt:ybtE
ybtE_176	1	0	.	.	ybt:ybtE
ybtE_177	1	0	.	.	ybt:ybtE
ybtE_178	1	0	.	.	ybt:ybtE
ybtE_179	1	0	.	.	ybt:ybtE
ybtE_180	1	0	.	.	ybt:ybtE
ybtE_181	1	0	.	.	ybt:ybtE
ybtP_1	1	0	.	.	ybt:ybtP
ybtP_2	1	0	.	.	ybt:ybtP
ybtP_3	1	0	.	.	ybt:ybtP
ybtP_4	1	0	.	.	ybt:ybtP
ybtP_5	1	0	.	.	ybt:ybtP
ybtP_6	1	0	.	.	ybt:ybtP
ybtP_7	1	0	.	.	ybt:ybtP
ybtP_8	1	0	.	.	ybt:ybtP
ybtP_9	1	0	.	.	ybt:ybtP
ybtP_10	1	0	.	.	ybt:ybtP
ybtP_11	1	0	.	.	ybt:ybtP
ybtP_12	1	0	.	.	ybt:ybtP
ybtP_13	1	0	.	.	ybt:ybtP
ybtP_14	1	0	.	.	ybt:ybtP
ybtP_15	1	0	.	.	ybt:ybtP
ybtP_16	1	0	.	.	ybt:ybtP
ybtP_17	1	0	.	.	ybt:ybtP
ybtP_18	1	0	.	.	ybt:ybtP
ybtP_19	1	0	.	.	ybt:ybtP
ybtP_20	1	0	.	.	ybt:ybtP
ybtP_21	1	0	.	.	ybt:ybtP
ybtP_22	1	0	.	.	ybt:ybtP
ybtP_23	1	0	.	.	ybt:ybtP
ybtP_24	1	0	.	.	ybt:ybtP
ybtP_25	1	0	.	.	ybt:ybtP
ybtP_26	1	0	.	.	ybt:ybtP
ybtP_27	1	0	.	.	ybt:ybtP
ybtP_28	1	0	.	.	ybt:ybtP
ybtP_29	1	0	.	.	ybt:ybtP
ybtP_30	1	0	.	.	ybt:ybtP
ybtP_31	1	0	.	.	ybt:ybtP
ybtP_32	1	0	.	.	ybt:ybtP
ybtP_33	1	0	.	.	ybt:ybtP
ybtP_34	1	0	.	.	ybt:ybtP
ybtP_35	1	0	.	.	ybt:ybtP
ybtP_36	1	0	.	.	ybt:ybtP
ybtP_37	1	0	.	.	ybt:ybtP
ybtP_38	1	0	.	.	ybt:ybtP
ybtP_39	1	0	.	.	ybt:ybtP
ybtP_40	1	0	.	.	ybt:ybtP
ybtP_41	1	0	.	.	ybt:ybtP
ybtP_42	1	0	.	.	ybt:ybtP
ybtP_43	1	0	.	.	ybt:ybtP
ybtP_44	1	0	.	.	ybt:ybtP
ybtP_45	1	0	.	.	ybt:ybtP
ybtP_46	1	0	.	.	ybt:ybtP
ybtP_47	1	0	.	.	ybt:ybtP
ybtP_48	1	0	.	.	ybt:ybtP
ybtP_49	1	0	.	.	ybt:ybtP
ybtP_50	1	0	.	.	ybt:ybtP
ybtP_51	1	0	.	.	ybt:ybtP
ybtP_52	1	0	.	.	ybt:ybtP
ybtP_53	1	0	.	.	ybt:ybtP
ybtP_54	1	0	.	.	ybt:ybtP
ybtP_55	1	0	.	.	ybt:ybtP
ybtP_56	1	0	.	.	ybt:ybtP
ybtP_57	1	0	.	.	ybt:ybtP
ybtP_58	1	0	.	.	ybt:ybtP
ybtP_59	1	0	.	.	ybt:ybtP
ybtP_60	1	0	.	.	ybt:ybtP
ybtP_61	1	0	.	.	ybt:ybtP
ybtP_62	1	0	.	.	ybt:ybtP
ybtP_63	1	0	.	.	ybt:ybtP
ybtP_64	1	0	.	.	ybt:ybtP
ybtP_65	1	0	.	.	ybt:ybtP
ybtP_66	1	0	.	.	ybt:ybtP
ybtP_67	1	0	.	.	ybt:ybtP
ybtP_68	1	0	.	.	ybt:ybtP
ybtP_69	1	0	.	.	ybt:ybtP
ybtP_70	1	0	.	.	ybt:ybtP
ybtP_71	1	0	.	.	ybt:ybtP
ybtP_72	1	0	.	.	ybt:ybtP
ybtP_73	1	0	.	.	ybt:ybtP
ybtP_74	1	0	.	.	ybt:ybtP
ybtP_75	1	0	.	.	ybt:ybtP
ybtP_76	1	0	.	.	ybt:ybtP
ybtP_77	1	0	.	.	ybt:ybtP
ybtP_78	1	0	.	.	ybt:ybtP
ybtP_79	1	0	.	.	ybt:ybtP
ybtP_80	1	0	.	.	ybt:ybtP
ybtP_81	1	0	.	.	ybt:ybtP
ybtP_82	1	0	.	.	ybt:ybtP
ybtP_83	1	0	.	.	ybt:ybtP
ybtP_84	1	0	.	.	ybt:ybtP
ybtP_85	1	0	.	.	ybt:ybtP
ybtP_86	1	0	.	.	ybt:ybtP
ybtP_87	1	0	.	.	ybt:ybtP
ybtP_88	1	0	.	.	ybt:ybtP
ybtP_89	1	0	.	.	ybt:ybtP
ybtP_90	1	0	.	.	ybt:ybtP
ybtP_91	1	0	.	.	ybt:ybtP
ybtP_92	1	0	.	.	ybt:ybtP
ybtP_93	1	0	.	.	ybt:ybtP
ybtP_94	1	0	.	.	ybt:ybtP
ybtP_95	1	0	.	.	ybt:ybtP
ybtP_96	1	0	.	.	ybt:ybtP
ybtP_97	1	0	.	.	ybt:ybtP
ybtP_98	1	0	.	.	ybt:ybtP
ybtP_99	1	0	.	.	ybt:ybtP
ybtP_100	1	0	.	.	ybt:ybtP
ybtP_101	1	0	.	.	ybt:ybtP
ybtP_102	1	0	.	.	ybt:ybtP
ybtP_103	1	0	.	.	ybt:ybtP
ybtP_104	1	0	.	.	ybt:ybtP
ybtP_105	1	0	.	.	ybt:ybtP
ybtP_106	1	0	.	.	ybt:ybtP
ybtP_107	1	0	.	.	ybt:ybtP
ybtP_108	1	0	.	.	ybt:ybtP
ybtP_109	1	0	.	.	ybt:ybtP
ybtP_110	1	0	.	.	ybt:ybtP
ybtP_111	1	0	.	.	ybt:ybtP
ybtP_112	1	0	.	.	ybt:ybtP
ybtP_113	1	0	.	.	ybt:ybtP
ybtP_114	1	0	.	.	ybt:ybtP
ybtP_115	1	0	.	.	ybt:ybtP
ybtP_116	1	0	.	.	ybt:ybtP
ybtP_117	1	0	.	.	ybt:ybtP
ybtP_118	1	0	.	.	ybt:ybtP
ybtP_119	1	0	.	.	ybt:ybtP
ybtP_120	1	0	.	.	ybt:ybtP
ybtP_121	1	0	.	.	ybt:ybtP
ybtP_122	1	0	.	.	ybt:ybtP
ybtP_123	1	0	.	.	ybt:ybtP
ybtP_124	1	0	.	.	ybt:ybtP
ybtP_125	1	0	.	.	ybt:ybtP
ybtP_126	1	0	.	.	ybt:ybtP
ybtP_127	1	0	.	.	ybt:ybtP
ybtP_128	1	0	.	.	ybt:ybtP
ybtP_129	1	0	.	.	ybt:ybtP
ybtP_130	1	0	.	.	ybt:ybtP
ybtP_131	1	0	.	.	ybt:ybtP
ybtP_132	1	0	.	.	ybt:ybtP
ybtP_133	1	0	.	.	ybt:ybtP
ybtP_134	1	0	.	.	ybt:ybtP
ybtP_135	1	0	.	.	ybt:ybtP
ybtP_136	1	0	.	.	ybt:ybtP
ybtP_137	1	0	.	.	ybt:ybtP
ybtP_138	1	0	.	.	ybt:ybtP
ybtP_139	1	0	.	.	ybt:ybtP
ybtP_140	1	0	.	.	ybt:ybtP
ybtP_141	1	0	.	.	ybt:ybtP
ybtP_142	1	0	.	.	ybt:ybtP
ybtP_143	1	0	.	.	ybt:ybtP
ybtP_144	1	0	.	.	ybt:ybtP
ybtP_145	1	0	.	.	ybt:ybtP
ybtP_146	1	0	.	.	ybt:ybtP
ybtP_147	1	0	.	.	ybt:ybtP
ybtP_148	1	0	.	.	ybt:ybtP
ybtP_149	1	0	.	.	ybt:ybtP
ybtP_150	1	0	.	.	ybt:ybtP
ybtP_151	1	0	.	.	ybt:ybtP
ybtP_152	1	0	.	.	ybt:ybtP
ybtP_153	1	0	.	.	ybt:ybtP
ybtP_154	1	0	.	.	ybt:ybtP
ybtP_155	1	0	.	.	ybt:ybtP
ybtP_156	1	0	.	.	ybt:ybtP
ybtP_157	1	0	.	.	ybt:ybtP
ybtP_158	1	0	.	.	ybt:ybtP
ybtP_159	1	0	.	.	ybt:ybtP
ybtP_160	1	0	.	.	ybt:ybtP
ybtP_161	1	0	.	.	ybt:ybtP
ybtP_162	1	0	.	.	ybt:ybtP
ybtP_163	1	0	.	.	ybt:ybtP
ybtP_164	1	0	.	.	ybt:ybtP
ybtP_165	1	0	.	.	ybt:ybtP
ybtP_166	1	0	.	.	ybt:ybtP
ybtP_167	1	0	.	.	ybt:ybtP
ybtP_168	1	0	.	.	ybt:ybtP
ybtP_169	1	0	.	.	ybt:ybtP
ybtP_170	1	0	.	.	ybt:ybtP
ybtP_171	1	0	.	.	ybt:ybtP
ybtP_172	1	0	.	.	ybt:ybtP
ybtP_173	1	0	.	.	ybt:ybtP
ybtP_174	1	0	.	.	ybt:ybtP
ybtP_175	1	0	.	.	ybt:ybtP
ybtP_176	1	0	.	.	ybt:ybtP
ybtP_177	1	0	.	.	ybt:ybtP
ybtP_178	1	0	.	.	ybt:ybtP
ybtP_179	1	0	.	.	ybt:ybtP
ybtP_180	1	0	.	.	ybt:ybtP
ybtP_181	1	0	.	.	ybt:ybtP
ybtP_182	1	0	.	.	ybt:ybtP
ybtQ_1	1	0	.	.	ybt:ybtQ
ybtQ_2	1	0	.	.	ybt:ybtQ
ybtQ_3	1	0	.	.	ybt:ybtQ
ybtQ_4	1	0	.	.	ybt:ybtQ
ybtQ_5	1	0	.	.	ybt:ybtQ
ybtQ_6	1	0	.	.	ybt:ybtQ
ybtQ_7	1	0	.	.	ybt:ybtQ
ybtQ_8	1	0	.	.	ybt:ybtQ
ybtQ_9	1	0	.	.	ybt:ybtQ
ybtQ_10	1	0	.	.	ybt:ybtQ
ybtQ_11	1	0	.	.	ybt:ybtQ
ybtQ_12	1	0	.	.	ybt:ybtQ
ybtQ_13	1	0	.	.	ybt:ybtQ
ybtQ_14	1	0	.	.	ybt:ybtQ
ybtQ_15	1	0	.	.	ybt:ybtQ
ybtQ_16	1	0	.	.	ybt:ybtQ
ybtQ_17	1	0	.	.	ybt:ybtQ
ybtQ_18	1	0	.	.	ybt:ybtQ
ybtQ_19	1	0	.	.	ybt:ybtQ
ybtQ_20	1	0	.	.	ybt:ybtQ
ybtQ_21	1	0	.	.	ybt:ybtQ
ybtQ_22	1	0	.	.	ybt:ybtQ
ybtQ_23	1	0	.	.	ybt:ybtQ
ybtQ_24	1	0	.	.	ybt:ybtQ
ybtQ_25	1	0	.	.	ybt:ybtQ
ybtQ_26	1	0	.	.	ybt:ybtQ
ybtQ_27	1	0	.	.	ybt:ybtQ
ybtQ_28	1	0	.	.	ybt:ybtQ
ybtQ_29	1	0	.	.	ybt:ybtQ
ybtQ_30	1	0	.	.	ybt:ybtQ
ybtQ_31	1	0	.	.	ybt:ybtQ
ybtQ_32	1	0	.	.	ybt:ybtQ
ybtQ_33	1	0	.	.	ybt:ybtQ
ybtQ_34	1	0	.	.	ybt:ybtQ
ybtQ_35	1	0	.	.	ybt:ybtQ
ybtQ_36	1	0	.	.	ybt:ybtQ
ybtQ_37	1	0	.	.	ybt:ybtQ
ybtQ_38	1	0	.	.	ybt:ybtQ
ybtQ_39	1	0	.	.	ybt:ybtQ
ybtQ_40	1	0	.	.	ybt:ybtQ
ybtQ_41	1	0	.	.	ybt:ybtQ
ybtQ_42	1	0	.	.	ybt:ybtQ
ybtQ_43	1	0	.	.	ybt:ybtQ
ybtQ_44	1	0	.	.	ybt:ybtQ
ybtQ_45	1	0	.	.	ybt:ybtQ
ybtQ_46	1	0	.	.	ybt:ybtQ
ybtQ_47	1	0	.	.	ybt:ybtQ
ybtQ_48	1	0	.	.	ybt:ybtQ
ybtQ_49	1	0	.	.	ybt:ybtQ
ybtQ_50	1	0	.	.	ybt:ybtQ
ybtQ_51	1	0	.	.	ybt:ybtQ
ybtQ_52	1	0	.	.	ybt:ybtQ
ybtQ_53	1	0	.	.	ybt:ybtQ
ybtQ_54	1	0	.	.	ybt:ybtQ
ybtQ_55	1	0	.	.	ybt:ybtQ
ybtQ_56	1	0	.	.	ybt:ybtQ
ybtQ_57	1	0	.	.	ybt:ybtQ
ybtQ_58	1	0	.	.	ybt:ybtQ
ybtQ_59	1	0	.	.	ybt:ybtQ
ybtQ_60	1	0	.	.	ybt:ybtQ
ybtQ_61	1	0	.	.	ybt:ybtQ
ybtQ_62	1	0	.	.	ybt:ybtQ
ybtQ_63	1	0	.	.	ybt:ybtQ
ybtQ_64	1	0	.	.	ybt:ybtQ
ybtQ_65	1	0	.	.	ybt:ybtQ
ybtQ_66	1	0	.	.	ybt:ybtQ
ybtQ_67	1	0	.	.	ybt:ybtQ
ybtQ_68	1	0	.	.	ybt:ybtQ
ybtQ_69	1	0	.	.	ybt:ybtQ
ybtQ_70	1	0	.	.	ybt:ybtQ
ybtQ_71	1	0	.	.	ybt:ybtQ
ybtQ_72	1	0	.	.	ybt:ybtQ
ybtQ_73	1	0	.	.	ybt:ybtQ
ybtQ_74	1	0	.	.	ybt:ybtQ
ybtQ_75	1	0	.	.	ybt:ybtQ
ybtQ_76	1	0	.	.	ybt:ybtQ
ybtQ_77	1	0	.	.	ybt:ybtQ
ybtQ_78	1	0	.	.	ybt:ybtQ
ybtQ_79	1	0	.	.	ybt:ybtQ
ybtQ_80	1	0	.	.	ybt:ybtQ
ybtQ_81	1	0	.	.	ybt:ybtQ
ybtQ_82	1	0	.	.	ybt:ybtQ
ybtQ_83	1	0	.	.	ybt:ybtQ
ybtQ_84	1	0	.	.	ybt:ybtQ
ybtQ_85	1	0	.	.	ybt:ybtQ
ybtQ_86	1	0	.	.	ybt:ybtQ
ybtQ_87	1	0	.	.	ybt:ybtQ
ybtQ_88	1	0	.	.	ybt:ybtQ
ybtQ_89	1	0	.	.	ybt:ybtQ
ybtQ_90	1	0	.	.	ybt:ybtQ
ybtQ_91	1	0	.	.	ybt:ybtQ
ybtQ_92	1	0	.	.	ybt:ybtQ
ybtQ_93	1	0	.	.	ybt:ybtQ
ybtQ_94	1	0	.	.	ybt:ybtQ
ybtQ_95	1	0	.	.	ybt:ybtQ
ybtQ_96	1	0	.	.	ybt:ybtQ
ybtQ_97	1	0	.	.	ybt:ybtQ
ybtQ_98	1	0	.	.	ybt:ybtQ
ybtQ_99	1	0	.	.	ybt:ybtQ
ybtQ_100	1	0	.	.	ybt:ybtQ
ybtQ_101	1	0	.	.	ybt:ybtQ
ybtQ_102	1	0	.	.	ybt:ybtQ
ybtQ_103	1	0	.	.	ybt:ybtQ
ybtQ_104	1	0	.	.	ybt:ybtQ
ybtQ_105	1	0	.	.	ybt:ybtQ
ybtQ_106	1	0	.	.	ybt:ybtQ
ybtQ_107	1	0	.	.	ybt:ybtQ
ybtQ_108	1	0	.	.	ybt:ybtQ
ybtQ_109	1	0	.	.	ybt:ybtQ
ybtQ_110	1	0	.	.	ybt:ybtQ
ybtQ_111	1	0	.	.	ybt:ybtQ
ybtQ_112	1	0	.	.	ybt:ybtQ
ybtQ_113	1	0	.	.	ybt:ybtQ
ybtQ_114	1	0	.	.	ybt:ybtQ
ybtQ_115	1	0	.	.	ybt:ybtQ
ybtQ_116	1	0	.	.	ybt:ybtQ
ybtQ_117	1	0	.	.	ybt:ybtQ
ybtQ_118	1	0	.	.	ybt:ybtQ
ybtQ_119	1	0	.	.	ybt:ybtQ
ybtQ_120	1	0	.	.	ybt:ybtQ
ybtQ_121	1	0	.	.	ybt:ybtQ
ybtQ_122	1	0	.	.	ybt:ybtQ
ybtQ_123	1	0	.	.	ybt:ybtQ
ybtQ_124	1	0	.	.	ybt:ybtQ
ybtQ_125	1	0	.	.	ybt:ybtQ
ybtQ_126	1	0	.	.	ybt:ybtQ
ybtQ_127	1	0	.	.	ybt:ybtQ
ybtQ_128	1	0	.	.	ybt:ybtQ
ybtQ_129	1	0	.	.	ybt:ybtQ
ybtQ_130	1	0	.	.	ybt:ybtQ
ybtQ_131	1	0	.	.	ybt:ybtQ
ybtQ_132	1	0	.	.	ybt:ybtQ
ybtQ_133	1	0	.	.	ybt:ybtQ
ybtQ_134	1	0	.	.	ybt:ybtQ
ybtQ_135	1	0	.	.	ybt:ybtQ
ybtQ_136	1	0	.	.	ybt:ybtQ
ybtQ_137	1	0	.	.	ybt:ybtQ
ybtQ_138	1	0	.	.	ybt:ybtQ
ybtQ_139	1	0	.	.	ybt:ybtQ
ybtQ_140	1	0	.	.	ybt:ybtQ
ybtQ_141	1	0	.	.	ybt:ybtQ
ybtQ_142	1	0	.	.	ybt:ybtQ
ybtQ_143	1	0	.	.	ybt:ybtQ
ybtQ_144	1	0	.	.	ybt:ybtQ
ybtQ_145	1	0	.	.	ybt:ybtQ
ybtQ_146	1	0	.	.	ybt:ybtQ
ybtQ_147	1	0	.	.	ybt:ybtQ
ybtQ_148	1	0	.	.	ybt:ybtQ
ybtQ_149	1	0	.	.	ybt:ybtQ
ybtQ_150	1	0	.	.	ybt:ybtQ
ybtQ_151	1	0	.	.	ybt:ybtQ
ybtQ_152	1	0	.	.	ybt:ybtQ
ybtQ_153	1	0	.	.	ybt:ybtQ
ybtQ_154	1	0	.	.	ybt:ybtQ
ybtQ_155	1	0	.	.	ybt:ybtQ
ybtQ_156	1	0	.	.	ybt:ybtQ
ybtQ_157	1	0	.	.	ybt:ybtQ
ybtQ_158	1	0	.	.	ybt:ybtQ
ybtQ_159	1	0	.	.	ybt:ybtQ
ybtQ_160	1	0	.	.	ybt:ybtQ
ybtQ_161	1	0	.	.	ybt:ybtQ
ybtQ_162	1	0	.	.	ybt:ybtQ
ybtQ_163	1	0	.	.	ybt:ybtQ
ybtQ_164	1	0	.	.	ybt:ybtQ
ybtQ_165	1	0	.	.	ybt:ybtQ
ybtQ_166	1	0	.	.	ybt:ybtQ
ybtQ_167	1	0	.	.	ybt:ybtQ
ybtQ_168	1	0	.	.	ybt:ybtQ
ybtQ_169	1	0	.	.	ybt:ybtQ
ybtQ_170	1	0	.	.	ybt:ybtQ
ybtQ_171	1	0	.	.	ybt:ybtQ
ybtQ_172	1	0	.	.	ybt:ybtQ
ybtQ_173	1	0	.	.	ybt:ybtQ
ybtQ_174	1	0	.	.	ybt:ybtQ
ybtQ_175	1	0	.	.	ybt:ybtQ
ybtQ_176	1	0	.	.	ybt:ybtQ
ybtQ_177	1	0	.	.	ybt:ybtQ
ybtQ_178	1	0	.	.	ybt:ybtQ
ybtQ_179	1	0	.	.	ybt:ybtQ
ybtQ_180	1	0	.	.	ybt:ybtQ
ybtQ_181	1	0	.	.	ybt:ybtQ
ybtQ_182	1	0	.	.	ybt:ybtQ
ybtQ_183	1	0	.	.	ybt:ybtQ
ybtQ_184	1	0	.	.	ybt:ybtQ
ybtQ_185	1	0	.	.	ybt:ybtQ
ybtQ_186	1	0	.	.	ybt:ybtQ
ybtQ_187	1	0	.	.	ybt:ybtQ
ybtQ_188	1	0	.	.	ybt:ybtQ
ybtQ_189	1	0	.	.	ybt:ybtQ
ybtQ_190	1	0	.	.	ybt:ybtQ
ybtQ_191	1	0	.	.	ybt:ybtQ
ybtQ_192	1	0	.	.	ybt:ybtQ
ybtQ_193	1	0	.	.	ybt:ybtQ
ybtQ_194	1	0	.	.	ybt:ybtQ
ybtQ_195	1	0	.	.	ybt:ybtQ
ybtQ_196	1	0	.	.	ybt:ybtQ
ybtQ_197	1	0	.	.	ybt:ybtQ
ybtQ_198	1	0	.	.	ybt:ybtQ
ybtQ_199	1	0	.	.	ybt:ybtQ
ybtQ_200	1	0	.	.	ybt:ybtQ
ybtQ_201	1	0	.	.	ybt:ybtQ
ybtQ_202	1	0	.	.	ybt:ybtQ
ybtQ_203	1	0	.	.	ybt:ybtQ
ybtQ_204	1	0	.	.	ybt:ybtQ
ybtQ_205	1	0	.	.	ybt:ybtQ
ybtQ_206	1	0	.	.	ybt:ybtQ
ybtQ_207	1	0	.	.	ybt:ybtQ
ybtQ_208	1	0	.	.	ybt:ybtQ
ybtQ_209	1	0	.	.	ybt:ybtQ
ybtQ_210	1	0	.	.	ybt:ybtQ
ybtQ_211	1	0	.	.	ybt:ybtQ
ybtQ_212	1	0	.	.	ybt:ybtQ
ybtQ_213	1	0	.	.	ybt:ybtQ
ybtQ_214	1	0	.	.	ybt:ybtQ
ybtQ_215	1	0	.	.	ybt:ybtQ
ybtQ_216	1	0	.	.	ybt:ybtQ
ybtQ_217	1	0	.	.	ybt:ybtQ
ybtS_1	1	0	.	.	ybt:ybtS
ybtS_2	1	0	.	.	ybt:ybtS
ybtS_3	1	0	.	.	ybt:ybtS
ybtS_4	1	0	.	.	ybt:ybtS
ybtS_5	1	0	.	.	ybt:ybtS
ybtS_6	1	0	.	.	ybt:ybtS
ybtS_7	1	0	.	.	ybt:ybtS
ybtS_8	1	0	.	.	ybt:ybtS
ybtS_9	1	0	.	.	ybt:ybtS
ybtS_10	1	0	.	.	ybt:ybtS
ybtS_11	1	0	.	.	ybt:ybtS
ybtS_12	1	0	.	.	ybt:ybtS
ybtS_13	1	0	.	.	ybt:ybtS
ybtS_14	1	0	.	.	ybt:ybtS
ybtS_15	1	0	.	.	ybt:ybtS
ybtS_16	1	0	.	.	ybt:ybtS
ybtS_17	1	0	.	.	ybt:ybtS
ybtS_18	1	0	.	.	ybt:ybtS
ybtS_19	1	0	.	.	ybt:ybtS
ybtS_20	1	0	.	.	ybt:ybtS
ybtS_21	1	0	.	.	ybt:ybtS
ybtS_22	1	0	.	.	ybt:ybtS
ybtS_23	1	0	.	.	ybt:ybtS
ybtS_24	1	0	.	.	ybt:ybtS
ybtS_25	1	0	.	.	ybt:ybtS
ybtS_26	1	0	.	.	ybt:ybtS
ybtS_27	1	0	.	.	ybt:ybtS
ybtS_28	1	0	.	.	ybt:ybtS
ybtS_29	1	0	.	.	ybt:ybtS
ybtS_30	1	0	.	.	ybt:ybtS
ybtS_31	1	0	.	.	ybt:ybtS
ybtS_32	1	0	.	.	ybt:ybtS
ybtS_33	1	0	.	.	ybt:ybtS
ybtS_34	1	0	.	.	ybt:ybtS
ybtS_35	1	0	.	.	ybt:ybtS
ybtS_36	1	0	.	.	ybt:ybtS
ybtS_37	1	0	.	.	ybt:ybtS
ybtS_38	1	0	.	.	ybt:ybtS
ybtS_39	1	0	.	.	ybt:ybtS
ybtS_40	1	0	.	.	ybt:ybtS
ybtS_41	1	0	.	.	ybt:ybtS
ybtS_42	1	0	.	.	ybt:ybtS
ybtS_43	1	0	.	.	ybt:ybtS
ybtS_44	1	0	.	.	ybt:ybtS
ybtS_45	1	0	.	.	ybt:ybtS
ybtS_46	1	0	.	.	ybt:ybtS
ybtS_47	1	0	.	.	ybt:ybtS
ybtS_48	1	0	.	.	ybt:ybtS
ybtS_49	1	0	.	.	ybt:ybtS
ybtS_50	1	0	.	.	ybt:ybtS
ybtS_51	1	0	.	.	ybt:ybtS
ybtS_52	1	0	.	.	ybt:ybtS
ybtS_53	1	0	.	.	ybt:ybtS
ybtS_54	1	0	.	.	ybt:ybtS
ybtS_55	1	0	.	.	ybt:ybtS
ybtS_56	1	0	.	.	ybt:ybtS
ybtS_57	1	0	.	.	ybt:ybtS
ybtS_58	1	0	.	.	ybt:ybtS
ybtS_59	1	0	.	.	ybt:ybtS
ybtS_60	1	0	.	.	ybt:ybtS
ybtS_61	1	0	.	.	ybt:ybtS
ybtS_62	1	0	.	.	ybt:ybtS
ybtS_63	1	0	.	.	ybt:ybtS
ybtS_64	1	0	.	.	ybt:ybtS
ybtS_65	1	0	.	.	ybt:ybtS
ybtS_66	1	0	.	.	ybt:ybtS
ybtS_67	1	0	.	.	ybt:ybtS
ybtS_68	1	0	.	.	ybt:ybtS
ybtS_69	1	0	.	.	ybt:ybtS
ybtS_70	1	0	.	.	ybt:ybtS
ybtS_71	1	0	.	.	ybt:ybtS
ybtS_72	1	0	.	.	ybt:ybtS
ybtS_73	1	0	.	.	ybt:ybtS
ybtS_74	1	0	.	.	ybt:ybtS
ybtS_75	1	0	.	.	ybt:ybtS
ybtS_76	1	0	.	.	ybt:ybtS
ybtS_77	1	0	.	.	ybt:ybtS
ybtS_78	1	0	.	.	ybt:ybtS
ybtS_79	1	0	.	.	ybt:ybtS
ybtS_80	1	0	.	.	ybt:ybtS
ybtS_81	1	0	.	.	ybt:ybtS
ybtS_82	1	0	.	.	ybt:ybtS
ybtS_83	1	0	.	.	ybt:ybtS
ybtS_84	1	0	.	.	ybt:ybtS
ybtS_85	1	0	.	.	ybt:ybtS
ybtS_86	1	0	.	.	ybt:ybtS
ybtS_87	1	0	.	.	ybt:ybtS
ybtS_88	1	0	.	.	ybt:ybtS
ybtS_89	1	0	.	.	ybt:ybtS
ybtS_90	1	0	.	.	ybt:ybtS
ybtS_91	1	0	.	.	ybt:ybtS
ybtS_92	1	0	.	.	ybt:ybtS
ybtS_93	1	0	.	.	ybt:ybtS
ybtS_94	1	0	.	.	ybt:ybtS
ybtS_95	1	0	.	.	ybt:ybtS
ybtS_96	1	0	.	.	ybt:ybtS
ybtS_97	1	0	.	.	ybt:ybtS
ybtS_98	1	0	.	.	ybt:ybtS
ybtS_99	1	0	.	.	ybt:ybtS
ybtS_100	1	0	.	.	ybt:ybtS
ybtS_101	1	0	.	.	ybt:ybtS
ybtS_102	1	0	.	.	ybt:ybtS
ybtS_103	1	0	.	.	ybt:ybtS
ybtS_104	1	0	.	.	ybt:ybtS
ybtS_105	1	0	.	.	ybt:ybtS
ybtS_106	1	0	.	.	ybt:ybtS
ybtS_107	1	0	.	.	ybt:ybtS
ybtS_108	1	0	.	.	ybt:ybtS
ybtS_109	1	0	.	.	ybt:ybtS
ybtS_110	1	0	.	.	ybt:ybtS
ybtS_111	1	0	.	.	ybt:ybtS
ybtS_112	1	0	.	.	ybt:ybtS
ybtS_113	1	0	.	.	ybt:ybtS
ybtS_114	1	0	.	.	ybt:ybtS
ybtS_115	1	0	.	.	ybt:ybtS
ybtS_116	1	0	.	.	ybt:ybtS
ybtS_117	1	0	.	.	ybt:ybtS
ybtS_118	1	0	.	.	ybt:ybtS
ybtS_119	1	0	.	.	ybt:ybtS
ybtS_120	1	0	.	.	ybt:ybtS
ybtS_121	1	0	.	.	ybt:ybtS
ybtS_122	1	0	.	.	ybt:ybtS
ybtS_123	1	0	.	.	ybt:ybtS
ybtS_124	1	0	.	.	ybt:ybtS
ybtS_125	1	0	.	.	ybt:ybtS
ybtS_126	1	0	.	.	ybt:ybtS
ybtS_127	1	0	.	.	ybt:ybtS
ybtS_128	1	0	.	.	ybt:ybtS
ybtS_129	1	0	.	.	ybt:ybtS
ybtS_130	1	0	.	.	ybt:ybtS
ybtS_131	1	0	.	.	ybt:ybtS
ybtS_132	1	0	.	.	ybt:ybtS
ybtS_133	1	0	.	.	ybt:ybtS
ybtS_134	1	0	.	.	ybt:ybtS
ybtS_135	1	0	.	.	ybt:ybtS
ybtS_136	1	0	.	.	ybt:ybtS
ybtS_137	1	0	.	.	ybt:ybtS
ybtS_138	1	0	.	.	ybt:ybtS
ybtS_139	1	0	.	.	ybt:ybtS
ybtS_140	1	0	.	.	ybt:ybtS
ybtS_141	1	0	.	.	ybt:ybtS
ybtS_142	1	0	.	.	ybt:ybtS
ybtS_143	1	0	.	.	ybt:ybtS
ybtS_144	1	0	.	.	ybt:ybtS
ybtS_145	1	0	.	.	ybt:ybtS
ybtS_146	1	0	.	.	ybt:ybtS
ybtS_147	1	0	.	.	ybt:ybtS
ybtS_148	1	0	.	.	ybt:ybtS
ybtS_149	1	0	.	.	ybt:ybtS
ybtT_1	1	0	.	.	ybt:ybtT
ybtT_2	1	0	.	.	ybt:ybtT
ybtT_3	1	0	.	.	ybt:ybtT
ybtT_4	1	0	.	.	ybt:ybtT
ybtT_5	1	0	.	.	ybt:ybtT
ybtT_6	1	0	.	.	ybt:ybtT
ybtT_7	1	0	.	.	ybt:ybtT
ybtT_8	1	0	.	.	ybt:ybtT
ybtT_9	1	0	.	.	ybt:ybtT
ybtT_10	1	0	.	.	ybt:ybtT
ybtT_11	1	0	.	.	ybt:ybtT
ybtT_12	1	0	.	.	ybt:ybtT
ybtT_13	1	0	.	.	ybt:ybtT
ybtT_14	1	0	.	.	ybt:ybtT
ybtT_15	1	0	.	.	ybt:ybtT
ybtT_16	1	0	.	.	ybt:ybtT
ybtT_17	1	0	.	.	ybt:ybtT
ybtT_18	1	0	.	.	ybt:ybtT
ybtT_19	1	0	.	.	ybt:ybtT
ybtT_20	1	0	.	.	ybt:ybtT
ybtT_21	1	0	.	.	ybt:ybtT
ybtT_22	1	0	.	.	ybt:ybtT
ybtT_23	1	0	.	.	ybt:ybtT
ybtT_24	1	0	.	.	ybt:ybtT
ybtT_25	1	0	.	.	ybt:ybtT
ybtT_26	1	0	.	.	ybt:ybtT
ybtT_27	1	0	.	.	ybt:ybtT
ybtT_28	1	0	.	.	ybt:ybtT
ybtT_29	1	0	.	.	ybt:ybtT
ybtT_30	1	0	.	.	ybt:ybtT
ybtT_31	1	0	.	.	ybt:ybtT
ybtT_32	1	0	.	.	ybt:ybtT
ybtT_33	1	0	.	.	ybt:ybtT
ybtT_34	1	0	.	.	ybt:ybtT
ybtT_35	1	0	.	.	ybt:ybtT
ybtT_36	1	0	.	.	ybt:ybtT
ybtT_37	1	0	.	.	ybt:ybtT
ybtT_38	1	0	.	.	ybt:ybtT
ybtT_39	1	0	.	.	ybt:ybtT
ybtT_40	1	0	.	.	ybt:ybtT
ybtT_41	1	0	.	.	ybt:ybtT
ybtT_42	1	0	.	.	ybt:ybtT
ybtT_43	1	0	.	.	ybt:ybtT
ybtT_44	1	0	.	.	ybt:ybtT
ybtT_45	1	0	.	.	ybt:ybtT
ybtT_46	1	0	.	.	ybt:ybtT
ybtT_47	1	0	.	.	ybt:ybtT
ybtT_48	1	0	.	.	ybt:ybtT
ybtT_49	1	0	.	.	ybt:ybtT
ybtT_50	1	0	.	.	ybt:ybtT
ybtT_51	1	0	.	.	ybt:ybtT
ybtT_52	1	0	.	.	ybt:ybtT
ybtT_53	1	0	.	.	ybt:ybtT
ybtT_54	1	0	.	.	ybt:ybtT
ybtT_55	1	0	.	.	ybt:ybtT
ybtT_56	1	0	.	.	ybt:ybtT
ybtT_57	1	0	.	.	ybt:ybtT
ybtT_58	1	0	.	.	ybt:ybtT
ybtT_59	1	0	.	.	ybt:ybtT
ybtT_60	1	0	.	.	ybt:ybtT
ybtT_61	1	0	.	.	ybt:ybtT
ybtT_62	1	0	.	.	ybt:ybtT
ybtT_63	1	0	.	.	ybt:ybtT
ybtT_64	1	0	.	.	ybt:ybtT
ybtT_65	1	0	.	.	ybt:ybtT
ybtT_66	1	0	.	.	ybt:ybtT
ybtT_67	1	0	.	.	ybt:ybtT
ybtT_68	1	0	.	.	ybt:ybtT
ybtT_69	1	0	.	.	ybt:ybtT
ybtT_70	1	0	.	.	ybt:ybtT
ybtT_71	1	0	.	.	ybt:ybtT
ybtT_72	1	0	.	.	ybt:ybtT
ybtT_73	1	0	.	.	ybt:ybtT
ybtT_74	1	0	.	.	ybt:ybtT
ybtT_75	1	0	.	.	ybt:ybtT
ybtT_76	1	0	.	.	ybt:ybtT
ybtT_77	1	0	.	.	ybt:ybtT
ybtT_78	1	0	.	.	ybt:ybtT
ybtT_79	1	0	.	.	ybt:ybtT
ybtT_80	1	0	.	.	ybt:ybtT
ybtT_81	1	0	.	.	ybt:ybtT
ybtT_82	1	0	.	.	ybt:ybtT
ybtT_83	1	0	.	.	ybt:ybtT
ybtT_84	1	0	.	.	ybt:ybtT
ybtT_85	1	0	.	.	ybt:ybtT
ybtT_86	1	0	.	.	ybt:ybtT
ybtT_87	1	0	.	.	ybt:ybtT
ybtT_88	1	0	.	.	ybt:ybtT
ybtT_89	1	0	.	.	ybt:ybtT
ybtT_90	1	0	.	.	ybt:ybtT
ybtT_91	1	0	.	.	ybt:ybtT
ybtT_92	1	0	.	.	ybt:ybtT
ybtT_93	1	0	.	.	ybt:ybtT
ybtT_94	1	0	.	.	ybt:ybtT
ybtT_95	1	0	.	.	ybt:ybtT
ybtT_96	1	0	.	.	ybt:ybtT
ybtT_97	1	0	.	.	ybt:ybtT
ybtT_98	1	0	.	.	ybt:ybtT
ybtT_99	1	0	.	.	ybt:ybtT
ybtT_100	1	0	.	.	ybt:ybtT
ybtT_101	1	0	.	.	ybt:ybtT
ybtT_102	1	0	.	.	ybt:ybtT
ybtT_103	1	0	.	.	ybt:ybtT
ybtT_104	1	0	.	.	ybt:ybtT
ybtT_105	1	0	.	.	ybt:ybtT
ybtT_106	1	0	.	.	ybt:ybtT
ybtT_107	1	0	.	.	ybt:ybtT
ybtT_108	1	0	.	.	ybt:ybtT
ybtT_109	1	0	.	.	ybt:ybtT
ybtT_110	1	0	.	.	ybt:ybtT
ybtT_111	1	0	.	.	ybt:ybtT
ybtT_112	1	0	.	.	ybt:ybtT
ybtT_113	1	0	.	.	ybt:ybtT
ybtT_114	1	0	.	.	ybt:ybtT
ybtT_115	1	0	.	.	ybt:ybtT
ybtT_116	1	0	.	.	ybt:ybtT
ybtT_117	1	0	.	.	ybt:ybtT
ybtT_118	1	0	.	.	ybt:ybtT
ybtT_119	1	0	.	.	ybt:ybtT
ybtT_120	1	0	.	.	ybt:ybtT
ybtU_1	1	0	.	.	ybt:ybtU
ybtU_2	1	0	.	.	ybt:ybtU
ybtU_3	1	0	.	.	ybt:ybtU
ybtU_4	1	0	.	.	ybt:ybtU
ybtU_5	1	0	.	.	ybt:ybtU
ybtU_6	1	0	.	.	ybt:ybtU
ybtU_7	1	0	.	.	ybt:ybtU
ybtU_8	1	0	.	.	ybt:ybtU
ybtU_9	1	0	.	.	ybt:ybtU
ybtU_10	1	0	.	.	ybt:ybtU
ybtU_11	1	0	.	.	ybt:ybtU
ybtU_12	1	0	.	.	ybt:ybtU
ybtU_13	1	0	.	.	ybt:ybtU
ybtU_14	1	0	.	.	ybt:ybtU
ybtU_15	1	0	.	.	ybt:ybtU
ybtU_16	1	0	.	.	ybt:ybtU
ybtU_17	1	0	.	.	ybt:ybtU
ybtU_18	1	0	.	.	ybt:ybtU
ybtU_19	1	0	.	.	ybt:ybtU
ybtU_20	1	0	.	.	ybt:ybtU
ybtU_21	1	0	.	.	ybt:ybtU
ybtU_22	1	0	.	.	ybt:ybtU
ybtU_23	1	0	.	.	ybt:ybtU
ybtU_24	1	0	.	.	ybt:ybtU
ybtU_25	1	0	.	.	ybt:ybtU
ybtU_26	1	0	.	.	ybt:ybtU
ybtU_27	1	0	.	.	ybt:ybtU
ybtU_28	1	0	.	.	ybt:ybtU
ybtU_29	1	0	.	.	ybt:ybtU
ybtU_30	1	0	.	.	ybt:ybtU
ybtU_31	1	0	.	.	ybt:ybtU
ybtU_32	1	0	.	.	ybt:ybtU
ybtU_33	1	0	.	.	ybt:ybtU
ybtU_34	1	0	.	.	ybt:ybtU
ybtU_35	1	0	.	.	ybt:ybtU
ybtU_36	1	0	.	.	ybt:ybtU
ybtU_37	1	0	.	.	ybt:ybtU
ybtU_38	1	0	.	.	ybt:ybtU
ybtU_39	1	0	.	.	ybt:ybtU
ybtU_40	1	0	.	.	ybt:ybtU
ybtU_41	1	0	.	.	ybt:ybtU
ybtU_42	1	0	.	.	ybt:ybtU
ybtU_43	1	0	.	.	ybt:ybtU
ybtU_44	1	0	.	.	ybt:ybtU
ybtU_45	1	0	.	.	ybt:ybtU
ybtU_46	1	0	.	.	ybt:ybtU
ybtU_47	1	0	.	.	ybt:ybtU
ybtU_48	1	0	.	.	ybt:ybtU
ybtU_49	1	0	.	.	ybt:ybtU
ybtU_50	1	0	.	.	ybt:ybtU
ybtU_51	1	0	.	.	ybt:ybtU
ybtU_52	1	0	.	.	ybt:ybtU
ybtU_53	1	0	.	.	ybt:ybtU
ybtU_54	1	0	.	.	ybt:ybtU
ybtU_55	1	0	.	.	ybt:ybtU
ybtU_56	1	0	.	.	ybt:ybtU
ybtU_57	1	0	.	.	ybt:ybtU
ybtU_58	1	0	.	.	ybt:ybtU
ybtU_59	1	0	.	.	ybt:ybtU
ybtU_60	1	0	.	.	ybt:ybtU
ybtU_61	1	0	.	.	ybt:ybtU
ybtU_62	1	0	.	.	ybt:ybtU
ybtU_63	1	0	.	.	ybt:ybtU
ybtU_64	1	0	.	.	ybt:ybtU
ybtU_65	1	0	.	.	ybt:ybtU
ybtU_66	1	0	.	.	ybt:ybtU
ybtU_67	1	0	.	.	ybt:ybtU
ybtU_68	1	0	.	.	ybt:ybtU
ybtU_69	1	0	.	.	ybt:ybtU
ybtU_70	1	0	.	.	ybt:ybtU
ybtU_71	1	0	.	.	ybt:ybtU
ybtU_72	1	0	.	.	ybt:ybtU
ybtU_73	1	0	.	.	ybt:ybtU
ybtU_74	1	0	.	.	ybt:ybtU
ybtU_75	1	0	.	.	ybt:ybtU
ybtU_76	1	0	.	.	ybt:ybtU
ybtU_77	1	0	.	.	ybt:ybtU
ybtU_78	1	0	.	.	ybt:ybtU
ybtU_79	1	0	.	.	ybt:ybtU
ybtU_80	1	0	.	.	ybt:ybtU
ybtU_81	1	0	.	.	ybt:ybtU
ybtU_82	1	0	.	.	ybt:ybtU
ybtU_83	1	0	.	.	ybt:ybtU
ybtU_84	1	0	.	.	ybt:ybtU
ybtU_85	1	0	.	.	ybt:ybtU
ybtU_86	1	0	.	.	ybt:ybtU
ybtU_87	1	0	.	.	ybt:ybtU
ybtU_88	1	0	.	.	ybt:ybtU
ybtU_89	1	0	.	.	ybt:ybtU
ybtU_90	1	0	.	.	ybt:ybtU
ybtU_91	1	0	.	.	ybt:ybtU
ybtU_92	1	0	.	.	ybt:ybtU
ybtU_93	1	0	.	.	ybt:ybtU
ybtU_94	1	0	.	.	ybt:ybtU
ybtU_95	1	0	.	.	ybt:ybtU
ybtU_96	1	0	.	.	ybt:ybtU
ybtU_97	1	0	.	.	ybt:ybtU
ybtU_98	1	0	.	.	ybt:ybtU
ybtU_99	1	0	.	.	ybt:ybtU
ybtU_100	1	0	.	.	ybt:ybtU
ybtU_101	1	0	.	.	ybt:ybtU
ybtU_102	1	0	.	.	ybt:ybtU
ybtU_103	1	0	.	.	ybt:ybtU
ybtU_104	1	0	.	.	ybt:ybtU
ybtU_105	1	0	.	.	ybt:ybtU
ybtU_106	1	0	.	.	ybt:ybtU
ybtU_107	1	0	.	.	ybt:ybtU
ybtU_108	1	0	.	.	ybt:ybtU
ybtU_109	1	0	.	.	ybt:ybtU
ybtU_110	1	0	.	.	ybt:ybtU
ybtU_111	1	0	.	.	ybt:ybtU
ybtU_112	1	0	.	.	ybt:ybtU
ybtU_113	1	0	.	.	ybt:ybtU
ybtU_114	1	0	.	.	ybt:ybtU
ybtU_115	1	0	.	.	ybt:ybtU
ybtU_116	1	0	.	.	ybt:ybtU
ybtU_117	1	0	.	.	ybt:ybtU
ybtU_118	1	0	.	.	ybt:ybtU
ybtU_119	1	0	.	.	ybt:ybtU
ybtU_120	1	0	.	.	ybt:ybtU
ybtU_121	1	0	.	.	ybt:ybtU
ybtU_122	1	0	.	.	ybt:ybtU
ybtU_123	1	0	.	.	ybt:ybtU
ybtU_124	1	0	.	.	ybt:ybtU
ybtU_125	1	0	.	.	ybt:ybtU
ybtU_126	1	0	.	.	ybt:ybtU
ybtU_127	1	0	.	.	ybt:ybtU
ybtU_128	1	0	.	.	ybt:ybtU
ybtU_129	1	0	.	.	ybt:ybtU
ybtU_130	1	0	.	.	ybt:ybtU
ybtU_131	1	0	.	.	ybt:ybtU
ybtU_132	1	0	.	.	ybt:ybtU
ybtU_133	1	0	.	.	ybt:ybtU
ybtU_134	1	0	.	.	ybt:ybtU
ybtU_135	1	0	.	.	ybt:ybtU
ybtU_136	1	0	.	.	ybt:ybtU
ybtU_137	1	0	.	.	ybt:ybtU
ybtU_138	1	0	.	.	ybt:ybtU
ybtU_139	1	0	.	.	ybt:ybtU
ybtU_140	1	0	.	.	ybt:ybtU
ybtU_141	1	0	.	.	ybt:ybtU
ybtU_142	1	0	.	.	ybt:ybtU
ybtX_1	1	0	.	.	ybt:ybtX
ybtX_2	1	0	.	.	ybt:ybtX
ybtX_3	1	0	.	.	ybt:ybtX
ybtX_4	1	0	.	.	ybt:ybtX
ybtX_5	1	0	.	.	ybt:ybtX
ybtX_6	1	0	.	.	ybt:ybtX
ybtX_7	1	0	.	.	ybt:ybtX
ybtX_8	1	0	.	.	ybt:ybtX
ybtX_9	1	0	.	.	ybt:ybtX
ybtX_10	1	0	.	.	ybt:ybtX
ybtX_11	1	0	.	.	ybt:ybtX
ybtX_12	1	0	.	.	ybt:ybtX
ybtX_13	1	0	.	.	ybt:ybtX
ybtX_14	1	0	.	.	ybt:ybtX
ybtX_15	1	0	.	.	ybt:ybtX
ybtX_16	1	0	.	.	ybt:ybtX
ybtX_17	1	0	.	.	ybt:ybtX
ybtX_18	1	0	.	.	ybt:ybtX
ybtX_19	1	0	.	.	ybt:ybtX
ybtX_20	1	0	.	.	ybt:ybtX
ybtX_21	1	0	.	.	ybt:ybtX
ybtX_22	1	0	.	.	ybt:ybtX
ybtX_23	1	0	.	.	ybt:ybtX
ybtX_24	1	0	.	.	ybt:ybtX
ybtX_25	1	0	.	.	ybt:ybtX
ybtX_26	1	0	.	.	ybt:ybtX
ybtX_27	1	0	.	.	ybt:ybtX
ybtX_28	1	0	.	.	ybt:ybtX
ybtX_29	1	0	.	.	ybt:ybtX
ybtX_30	1	0	.	.	ybt:ybtX
ybtX_31	1	0	.	.	ybt:ybtX
ybtX_32	1	0	.	.	ybt:ybtX
ybtX_33	1	0	.	.	ybt:ybtX
ybtX_34	1	0	.	.	ybt:ybtX
ybtX_35	1	0	.	.	ybt:ybtX
ybtX_36	1	0	.	.	ybt:ybtX
ybtX_37	1	0	.	.	ybt:ybtX
ybtX_38	1	0	.	.	ybt:ybtX
ybtX_39	1	0	.	.	ybt:ybtX
ybtX_40	1	0	.	.	ybt:ybtX
ybtX_41	1	0	.	.	ybt:ybtX
ybtX_42	1	0	.	.	ybt:ybtX
ybtX_43	1	0	.	.	ybt:ybtX
ybtX_44	1	0	.	.	ybt:ybtX
ybtX_45	1	0	.	.	ybt:ybtX
ybtX_46	1	0	.	.	ybt:ybtX
ybtX_47	1	0	.	.	ybt:ybtX
ybtX_48	1	0	.	.	ybt:ybtX
ybtX_49	1	0	.	.	ybt:ybtX
ybtX_50	1	0	.	.	ybt:ybtX
ybtX_51	1	0	.	.	ybt:ybtX
ybtX_52	1	0	.	.	ybt:ybtX
ybtX_53	1	0	.	.	ybt:ybtX
ybtX_54	1	0	.	.	ybt:ybtX
ybtX_55	1	0	.	.	ybt:ybtX
ybtX_56	1	0	.	.	ybt:ybtX
ybtX_57	1	0	.	.	ybt:ybtX
ybtX_58	1	0	.	.	ybt:ybtX
ybtX_59	1	0	.	.	ybt:ybtX
ybtX_60	1	0	.	.	ybt:ybtX
ybtX_61	1	0	.	.	ybt:ybtX
ybtX_62	1	0	.	.	ybt:ybtX
ybtX_63	1	0	.	.	ybt:ybtX
ybtX_64	1	0	.	.	ybt:ybtX
ybtX_65	1	0	.	.	ybt:ybtX
ybtX_66	1	0	.	.	ybt:ybtX
ybtX_67	1	0	.	.	ybt:ybtX
ybtX_68	1	0	.	.	ybt:ybtX
ybtX_69	1	0	.	.	ybt:ybtX
ybtX_70	1	0	.	.	ybt:ybtX
ybtX_71	1	0	.	.	ybt:ybtX
ybtX_72	1	0	.	.	ybt:ybtX
ybtX_73	1	0	.	.	ybt:ybtX
ybtX_74	1	0	.	.	ybt:ybtX
ybtX_75	1	0	.	.	ybt:ybtX
ybtX_76	1	0	.	.	ybt:ybtX
ybtX_77	1	0	.	.	ybt:ybtX
ybtX_78	1	0	.	.	ybt:ybtX
ybtX_79	1	0	.	.	ybt:ybtX
ybtX_80	1	0	.	.	ybt:ybtX
ybtX_81	1	0	.	.	ybt:ybtX
ybtX_82	1	0	.	.	ybt:ybtX
ybtX_83	1	0	.	.	ybt:ybtX
ybtX_84	1	0	.	.	ybt:ybtX
ybtX_85	1	0	.	.	ybt:ybtX
ybtX_86	1	0	.	.	ybt:ybtX
ybtX_87	1	0	.	.	ybt:ybtX
ybtX_88	1	0	.	.	ybt:ybtX
ybtX_89	1	0	.	.	ybt:ybtX
ybtX_90	1	0	.	.	ybt:ybtX
ybtX_91	1	0	.	.	ybt:ybtX
ybtX_92	1	0	.	.	ybt:ybtX
ybtX_93	1	0	.	.	ybt:ybtX
ybtX_94	1	0	.	.	ybt:ybtX
ybtX_95	1	0	.	.	ybt:ybtX
ybtX_96	1	0	.	.	ybt:ybtX
ybtX_97	1	0	.	.	ybt:ybtX
ybtX_98	1	0	.	.	ybt:ybtX
ybtX_99	1	0	.	.	ybt:ybtX
ybtX_100	1	0	.	.	ybt:ybtX
ybtX_101	1	0	.	.	ybt:ybtX
ybtX_102	1	0	.	.	ybt:ybtX
ybtX_103	1	0	.	.	ybt:ybtX
ybtX_104	1	0	.	.	ybt:ybtX
ybtX_105	1	0	.	.	ybt:ybtX
ybtX_106	1	0	.	.	ybt:ybtX
ybtX_107	1	0	.	.	ybt:ybtX
ybtX_108	1	0	.	.	ybt:ybtX
ybtX_109	1	0	.	.	ybt:ybtX
ybtX_110	1	0	.	.	ybt:ybtX
ybtX_111	1	0	.	.	ybt:ybtX
ybtX_112	1	0	.	.	ybt:ybtX
ybtX_113	1	0	.	.	ybt:ybtX
ybtX_114	1	0	.	.	ybt:ybtX
ybtX_115	1	0	.	.	ybt:ybtX
ybtX_116	1	0	.	.	ybt:ybtX
ybtX_117	1	0	.	.	ybt:ybtX
ybtX_118	1	0	.	.	ybt:ybtX
ybtX_119	1	0	.	.	ybt:ybtX
ybtX_120	1	0	.	.	ybt:ybtX
ybtX_121	1	0	.	.	ybt:ybtX
ybtX_122	1	0	.	.	ybt:ybtX
ybtX_123	1	0	.	.	ybt:ybtX
ybtX_124	1	0	.	.	ybt:ybtX
ybtX_125	1	0	.	.	ybt:ybtX
ybtX_126	1	0	.	.	ybt:ybtX
ybtX_127	1	0	.	.	ybt:ybtX
ybtX_128	1	0	.	.	ybt:ybtX
ybtX_129	1	0	.	.	ybt:ybtX
ybtX_130	1	0	.	.	ybt:ybtX
ybtX_131	1	0	.	.	ybt:ybtX
ybtX_132	1	0	.	.	ybt:ybtX
ybtX_133	1	0	.	.	ybt:ybtX
ybtX_134	1	0	.	.	ybt:ybtX
ybtX_135	1	0	.	.	ybt:ybtX
ybtX_136	1	0	.	.	ybt:ybtX
ybtX_137	1	0	.	.	ybt:ybtX
ybtX_138	1	0	.	.	ybt:ybtX
ybtX_139	1	0	.	.	ybt:ybtX
ybtX_140	1	0	.	.	ybt:ybtX
ybtX_141	1	0	.	.	ybt:ybtX
ybtX_142	1	0	.	.	ybt:ybtX
ybtX_143	1	0	.	.	ybt:ybtX
ybtX_144	1	0	.	.	ybt:ybtX
ybtX_145	1	0	.	.	ybt:ybtX
ybtX_146	1	0	.	.	ybt:ybtX
ybtX_147	1	0	.	.	ybt:ybtX
ybtX_148	1	0	.	.	ybt:ybtX
ybtX_149	1	0	.	.	ybt:ybtX
ybtX_150	1	0	.	.	ybt:ybtX
ybtX_151	1	0	.	.	ybt:ybtX
ybtX_152	1	0	.	.	ybt:ybtX
ybtX_153	1	0	.	.	ybt:ybtX
ybtX_154	1	0	.	.	ybt:ybtX
ybtX_155	1	0	.	.	ybt:ybtX
ybtX_156	1	0	.	.	ybt:ybtX
ybtX_157	1	0	.	.	ybt:ybtX
ybtX_158	1	0	.	.	ybt:ybtX
clbA_1	1	0	.	.	clb:clbA
clbA_2	1	0	.	.	clb:clbA
clbA_3	1	0	.	.	clb:clbA
clbA_4	1	0	.	.	clb:clbA
clbA_5	1	0	.	.	clb:clbA
clbA_6	1	0	.	.	clb:clbA
clbA_7	1	0	.	.	clb:clbA
clbA_8	1	0	.	.	clb:clbA
clbA_9	1	0	.	.	clb:clbA
clbA_10	1	0	.	.	clb:clbA
clbB_1	1	0	.	.	clb:clbB
clbB_2	1	0	.	.	clb:clbB
clbB_3	1	0	.	.	clb:clbB
clbB_4	1	0	.	.	clb:clbB
clbB_5	1	0	.	.	clb:clbB
clbB_6	1	0	.	.	clb:clbB
clbB_7	1	0	.	.	clb:clbB
clbB_8	1	0	.	.	clb:clbB
clbB_9	1	0	.	.	clb:clbB
clbB_10	1	0	.	.	clb:clbB
clbB_11	1	0	.	.	clb:clbB
clbB_12	1	0	.	.	clb:clbB
clbB_13	1	0	.	.	clb:clbB
clbB_14	1	0	.	.	clb:clbB
clbB_15	1	0	.	.	clb:clbB
clbB_16	1	0	.	.	clb:clbB
clbB_17	1	0	.	.	clb:clbB
clbB_18	1	0	.	.	clb:clbB
clbB_19	1	0	.	.	clb:clbB
clbB_20	1	0	.	.	clb:clbB
clbB_21	1	0	.	.	clb:clbB
clbB_22	1	0	.	.	clb:clbB
clbB_23	1	0	.	.	clb:clbB
clbB_24	1	0	.	.	clb:clbB
clbB_25	1	0	.	.	clb:clbB
clbB_26	1	0	.	.	clb:clbB
clbB_27	1	0	.	.	clb:clbB
clbB_28	1	0	.	.	clb:clbB
clbB_29	1	0	.	.	clb:clbB
clbB_30	1	0	.	.	clb:clbB
clbB_31	1	0	.	.	clb:clbB
clbB_32	1	0	.	.	clb:clbB
clbB_33	1	0	.	.	clb:clbB
clbB_34	1	0	.	.	clb:clbB
clbB_35	1	0	.	.	clb:clbB
clbB_36	1	0	.	.	clb:clbB
clbB_37	1	0	.	.	clb:clbB
clbB_38	1	0	.	.	clb:clbB
clbB_39	1	0	.	.	clb:clbB
clbB_40	1	0	.	.	clb:clbB
clbB_41	1	0	.	.	clb:clbB
clbB_42	1	0	.	.	clb:clbB
clbB_43	1	0	.	.	clb:clbB
clbB_44	1	0	.	.	clb:clbB
clbB_45	1	0	.	.	clb:clbB
clbB_46	1	0	.	.	clb:clbB
clbB_47	1	0	.	.	clb:clbB
clbB_48	1	0	.	.	clb:clbB
clbB_49	1	0	.	.	clb:clbB
clbB_50	1	0	.	.	clb:clbB
clbB_51	1	0	.	.	clb:clbB
clbB_52	1	0	.	.	clb:clbB
clbB_53	1	0	.	.	clb:clbB
clbB_54	1	0	.	.	clb:clbB
clbB_55	1	0	.	.	clb:clbB
clbB_56	1	0	.	.	clb:clbB
clbB_57	1	0	.	.	clb:clbB
clbB_58	1	0	.	.	clb:clbB
clbB_59	1	0	.	.	clb:clbB
clbB_60	1	0	.	.	clb:clbB
clbB_61	1	0	.	.	clb:clbB
clbB_62	1	0	.	.	clb:clbB
clbB_63	1	0	.	.	clb:clbB
clbB_64	1	0	.	.	clb:clbB
clbB_65	1	0	.	.	clb:clbB
clbB_66	1	0	.	.	clb:clbB
clbB_67	1	0	.	.	clb:clbB
clbB_68	1	0	.	.	clb:clbB
clbB_69	1	0	.	.	clb:clbB
clbB_70	1	0	.	.	clb:clbB
clbB_71	1	0	.	.	clb:clbB
clbC_1	1	0	.	.	clb:clbC
clbC_2	1	0	.	.	clb:clbC
clbC_3	1	0	.	.	clb:clbC
clbC_4	1	0	.	.	clb:clbC
clbC_5	1	0	.	.	clb:clbC
clbC_6	1	0	.	.	clb:clbC
clbC_7	1	0	.	.	clb:clbC
clbC_8	1	0	.	.	clb:clbC
clbC_9	1	0	.	.	clb:clbC
clbC_10	1	0	.	.	clb:clbC
clbC_11	1	0	.	.	clb:clbC
clbC_12	1	0	.	.	clb:clbC
clbC_13	1	0	.	.	clb:clbC
clbC_14	1	0	.	.	clb:clbC
clbC_15	1	0	.	.	clb:clbC
clbC_16	1	0	.	.	clb:clbC
clbC_17	1	0	.	.	clb:clbC
clbC_18	1	0	.	.	clb:clbC
clbC_19	1	0	.	.	clb:clbC
clbC_20	1	0	.	.	clb:clbC
clbC_21	1	0	.	.	clb:clbC
clbD_1	1	0	.	.	clb:clbD
clbD_2	1	0	.	.	clb:clbD
clbD_3	1	0	.	.	clb:clbD
clbD_4	1	0	.	.	clb:clbD
clbD_5	1	0	.	.	clb:clbD
clbD_6	1	0	.	.	clb:clbD
clbD_7	1	0	.	.	clb:clbD
clbD_8	1	0	.	.	clb:clbD
clbD_9	1	0	.	.	clb:clbD
clbD_10	1	0	.	.	clb:clbD
clbD_11	1	0	.	.	clb:clbD
clbE_1	1	0	.	.	clb:clbE
clbE_2	1	0	.	.	clb:clbE
clbE_3	1	0	.	.	clb:clbE
clbE_4	1	0	.	.	clb:clbE
clbE_6	1	0	.	.	clb:clbE
clbE_7	1	0	.	.	clb:clbE
clbE_8	1	0	.	.	clb:clbE
clbE_9	1	0	.	.	clb:clbE
clbE_10	1	0	.	.	clb:clbE
clbF_1	1	0	.	.	clb:clbF
clbF_2	1	0	.	.	clb:clbF
clbF_3	1	0	.	.	clb:clbF
clbF_4	1	0	.	.	clb:clbF
clbF_5	1	0	.	.	clb:clbF
clbF_6	1	0	.	.	clb:clbF
clbF_7	1	0	.	.	clb:clbF
clbF_8	1	0	.	.	clb:clbF
clbF_9	1	0	.	.	clb:clbF
clbF_10	1	0	.	.	clb:clbF
clbF_11	1	0	.	.	clb:clbF
clbF_12	1	0	.	.	clb:clbF
clbF_13	1	0	.	.	clb:clbF
clbF_14	1	0	.	.	clb:clbF
clbF_15	1	0	.	.	clb:clbF
clbG_1	1	0	.	.	clb:clbG
clbG_2	1	0	.	.	clb:clbG
clbG_3	1	0	.	.	clb:clbG
clbG_4	1	0	.	.	clb:clbG
clbG_5	1	0	.	.	clb:clbG
clbG_6	1	0	.	.	clb:clbG
clbG_7	1	0	.	.	clb:clbG
clbG_8	1	0	.	.	clb:clbG
clbG_9	1	0	.	.	clb:clbG
clbG_10	1	0	.	.	clb:clbG
clbH_1	1	0	.	.	clb:clbH
clbH_2	1	0	.	.	clb:clbH
clbH_3	1	0	.	.	clb:clbH
clbH_4	1	0	.	.	clb:clbH
clbH_5	1	0	.	.	clb:clbH
clbH_6	1	0	.	.	clb:clbH
clbH_7	1	0	.	.	clb:clbH
clbH_8	1	0	.	.	clb:clbH
clbH_9	1	0	.	.	clb:clbH
clbH_10	1	0	.	.	clb:clbH
clbH_11	1	0	.	.	clb:clbH
clbH_12	1	0	.	.	clb:clbH
clbH_13	1	0	.	.	clb:clbH
clbH_14	1	0	.	.	clb:clbH
clbH_15	1	0	.	.	clb:clbH
clbH_16	1	0	.	.	clb:clbH
clbH_17	1	0	.	.	clb:clbH
clbH_18	1	0	.	.	clb:clbH
clbH_19	1	0	.	.	clb:clbH
clbH_20	1	0	.	.	clb:clbH
clbH_21	1	0	.	.	clb:clbH
clbH_22	1	0	.	.	clb:clbH
clbH_23	1	0	.	.	clb:clbH
clbH_24	1	0	.	.	clb:clbH
clbH_25	1	0	.	.	clb:clbH
clbH_26	1	0	.	.	clb:clbH
clbH_27	1	0	.	.	clb:clbH
clbH_28	1	0	.	.	clb:clbH
clbH_29	1	0	.	.	clb:clbH
clbI_1	1	0	.	.	clb:clbI
clbI_2	1	0	.	.	clb:clbI
clbI_3	1	0	.	.	clb:clbI
clbI_4	1	0	.	.	clb:clbI
clbI_5	1	0	.	.	clb:clbI
clbI_6	1	0	.	.	clb:clbI
clbI_7	1	0	.	.	clb:clbI
clbI_8	1	0	.	.	clb:clbI
clbI_9	1	0	.	.	clb:clbI
clbI_10	1	0	.	.	clb:clbI
clbI_11	1	0	.	.	clb:clbI
clbI_12	1	0	.	.	clb:clbI
clbI_13	1	0	.	.	clb:clbI
clbI_14	1	0	.	.	clb:clbI
clbI_15	1	0	.	.	clb:clbI
clbI_16	1	0	.	.	clb:clbI
clbI_17	1	0	.	.	clb:clbI
clbI_18	1	0	.	.	clb:clbI
clbI_19	1	0	.	.	clb:clbI
clbI_20	1	0	.	.	clb:clbI
clbI_21	1	0	.	.	clb:clbI
clbI_22	1	0	.	.	clb:clbI
clbI_23	1	0	.	.	clb:clbI
clbI_24	1	0	.	.	clb:clbI
clbL_1	1	0	.	.	clb:clbL
clbL_2	1	0	.	.	clb:clbL
clbL_3	1	0	.	.	clb:clbL
clbL_4	1	0	.	.	clb:clbL
clbL_5	1	0	.	.	clb:clbL
clbL_6	1	0	.	.	clb:clbL
clbL_7	1	0	.	.	clb:clbL
clbL_8	1	0	.	.	clb:clbL
clbL_9	1	0	.	.	clb:clbL
clbL_10	1	0	.	.	clb:clbL
clbM_1	1	0	.	.	clb:clbM
clbM_2	1	0	.	.	clb:clbM
clbM_3	1	0	.	.	clb:clbM
clbM_4	1	0	.	.	clb:clbM
clbM_5	1	0	.	.	clb:clbM
clbM_6	1	0	.	.	clb:clbM
clbM_7	1	0	.	.	clb:clbM
clbM_8	1	0	.	.	clb:clbM
clbM_9	1	0	.	.	clb:clbM
clbM_10	1	0	.	.	clb:clbM
clbN_1	1	0	.	.	clb:clbN
clbN_2	1	0	.	.	clb:clbN
clbN_3	1	0	.	.	clb:clbN
clbN_4	1	0	.	.	clb:clbN
clbN_5	1	0	.	.	clb:clbN
clbN_6	1	0	.	.	clb:clbN
clbN_7	1	0	.	.	clb:clbN
clbN_8	1	0	.	.	clb:clbN
clbN_9	1	0	.	.	clb:clbN
clbN_10	1	0	.	.	clb:clbN
clbN_11	1	0	.	.	clb:clbN
clbN_12	1	0	.	.	clb:clbN
clbN_13	1	0	.	.	clb:clbN
clbN_14	1	0	.	.	clb:clbN
clbN_15	1	0	.	.	clb:clbN
clbN_16	1	0	.	.	clb:clbN
clbN_17	1	0	.	.	clb:clbN
clbN_18	1	0	.	.	clb:clbN
clbN_19	1	0	.	.	clb:clbN
clbN_20	1	0	.	.	clb:clbN
clbN_21	1	0	.	.	clb:clbN
clbN_22	1	0	.	.	clb:clbN
clbN_23	1	0	.	.	clb:clbN
clbN_24	1	0	.	.	clb:clbN
clbN_25	1	0	.	.	clb:clbN
clbN_26	1	0	.	.	clb:clbN
clbN_27	1	0	.	.	clb:clbN
clbN_28	1	0	.	.	clb:clbN
clbO_1	1	0	.	.	clb:clbO
clbO_2	1	0	.	.	clb:clbO
clbO_3	1	0	.	.	clb:clbO
clbO_4	1	0	.	.	clb:clbO
clbO_5	1	0	.	.	clb:clbO
clbO_6	1	0	.	.	clb:clbO
clbO_7	1	0	.	.	clb:clbO
clbO_8	1	0	.	.	clb:clbO
clbO_9	1	0	.	.	clb:clbO
clbO_10	1	0	.	.	clb:clbO
clbO_11	1	0	.	.	clb:clbO
clbO_12	1	0	.	.	clb:clbO
clbO_13	1	0	.	.	clb:clbO
clbO_14	1	0	.	.	clb:clbO
clbO_15	1	0	.	.	clb:clbO
clbO_16	1	0	.	.	clb:clbO
clbO_17	1	0	.	.	clb:clbO
clbO_18	1	0	.	.	clb:clbO
clbO_19	1	0	.	.	clb:clbO
clbP_1	1	0	.	.	clb:clbP
clbP_2	1	0	.	.	clb:clbP
clbP_3	1	0	.	.	clb:clbP
clbP_4	1	0	.	.	clb:clbP
clbP_5	1	0	.	.	clb:clbP
clbP_6	1	0	.	.	clb:clbP
clbP_7	1	0	.	.	clb:clbP
clbP_8	1	0	.	.	clb:clbP
clbP_9	1	0	.	.	clb:clbP
clbP_10	1	0	.	.	clb:clbP
clbP_11	1	0	.	.	clb:clbP
clbP_12	1	0	.	.	clb:clbP
clbP_13	1	0	.	.	clb:clbP
clbP_14	1	0	.	.	clb:clbP
clbQ_1	1	0	.	.	clb:clbQ
clbQ_2	1	0	.	.	clb:clbQ
clbQ_3	1	0	.	.	clb:clbQ
clbQ_4	1	0	.	.	clb:clbQ
clbQ_5	1	0	.	.	clb:clbQ
clbQ_6	1	0	.	.	clb:clbQ
iucA_1	1	0	.	.	iuc:iucA
iucA_2	1	0	.	.	iuc:iucA
iucA_3	1	0	.	.	iuc:iucA
iucA_4	1	0	.	.	iuc:iucA
iucA_5	1	0	.	.	iuc:iucA
iucA_6	1	0	.	.	iuc:iucA
iucA_7	1	0	.	.	iuc:iucA
iucA_8	1	0	.	.	iuc:iucA
iucA_9	1	0	.	.	iuc:iucA
iucA_10	1	0	.	.	iuc:iucA
iucA_11	1	0	.	.	iuc:iucA
iucA_12	1	0	.	.	iuc:iucA
iucA_13	1	0	.	.	iuc:iucA
iucA_14	1	0	.	.	iuc:iucA
iucA_15	1	0	.	.	iuc:iucA
iucA_16	1	0	.	.	iuc:iucA
iucA_17	1	0	.	.	iuc:iucA
iucA_18	1	0	.	.	iuc:iucA
iucA_19	1	0	.	.	iuc:iucA
iucA_20	1	0	.	.	iuc:iucA
iucA_21	1	0	.	.	iuc:iucA
iucA_22	1	0	.	.	iuc:iucA
iucA_23	1	0	.	.	iuc:iucA
iucA_24	1	0	.	.	iuc:iucA
iucA_25	1	0	.	.	iuc:iucA
iucA_26	1	0	.	.	iuc:iucA
iucA_27	1	0	.	.	iuc:iucA
iucA_28	1	0	.	.	iuc:iucA
iucA_29	1	0	.	.	iuc:iucA
iucA_30	1	0	.	.	iuc:iucA
iucA_31	1	0	.	.	iuc:iucA
iucA_32	1	0	.	.	iuc:iucA
iucA_33	1	0	.	.	iuc:iucA
iucA_34	1	0	.	.	iuc:iucA
iucA_35	1	0	.	.	iuc:iucA
iucA_36	1	0	.	.	iuc:iucA
iucA_37	1	0	.	.	iuc:iucA
iucA_38	1	0	.	.	iuc:iucA
iucA_39	1	0	.	.	iuc:iucA
iucA_40	1	0	.	.	iuc:iucA
iucA_41	1	0	.	.	iuc:iucA
iucA_42	1	0	.	.	iuc:iucA
iucA_43	1	0	.	.	iuc:iucA
iucA_44	1	0	.	.	iuc:iucA
iucA_45	1	0	.	.	iuc:iucA
iucA_46	1	0	.	.	iuc:iucA
iucA_47	1	0	.	.	iuc:iucA
iucA_50	1	0	.	.	iuc:iucA
iucA_51	1	0	.	.	iuc:iucA
iucA_53	1	0	.	.	iuc:iucA
iucA_54	1	0	.	.	iuc:iucA
iucA_55	1	0	.	.	iuc:iucA
iucA_56	1	0	.	.	iuc:iucA
iucA_57	1	0	.	.	iuc:iucA
iucA_58	1	0	.	.	iuc:iucA
iucB_1	1	0	.	.	iuc:iucB
iucB_2	1	0	.	.	iuc:iucB
iucB_3	1	0	.	.	iuc:iucB
iucB_4	1	0	.	.	iuc:iucB
iucB_5	1	0	.	.	iuc:iucB
iucB_6	1	0	.	.	iuc:iucB
iucB_7	1	0	.	.	iuc:iucB
iucB_8	1	0	.	.	iuc:iucB
iucB_9	1	0	.	.	iuc:iucB
iucB_10	1	0	.	.	iuc:iucB
iucB_11	1	0	.	.	iuc:iucB
iucB_12	1	0	.	.	iuc:iucB
iucB_13	1	0	.	.	iuc:iucB
iucB_14	1	0	.	.	iuc:iucB
iucB_15	1	0	.	.	iuc:iucB
iucB_16	1	0	.	.	iuc:iucB
iucB_17	1	0	.	.	iuc:iucB
iucB_18	1	0	.	.	iuc:iucB
iucB_19	1	0	.	.	iuc:iucB
iucB_20	1	0	.	.	iuc:iucB
iucB_21	1	0	.	.	iuc:iucB
iucB_22	1	0	.	.	iuc:iucB
iucB_23	1	0	.	.	iuc:iucB
iucB_24	1	0	.	.	iuc:iucB
iucB_25	1	0	.	.	iuc:iucB
iucB_26	1	0	.	.	iuc:iucB
iucB_27	1	0	.	.	iuc:iucB
iucB_28	1	0	.	.	iuc:iucB
iucB_29	1	0	.	.	iuc:iucB
iucB_30	1	0	.	.	iuc:iucB
iucB_31	1	0	.	.	iuc:iucB
iucB_32	1	0	.	.	iuc:iucB
iucB_33	1	0	.	.	iuc:iucB
iucB_34	1	0	.	.	iuc:iucB
iucB_35	1	0	.	.	iuc:iucB
iucB_36	1	0	.	.	iuc:iucB
iucB_37	1	0	.	.	iuc:iucB
iucC_1	1	0	.	.	iuc:iucC
iucC_2	1	0	.	.	iuc:iucC
iucC_3	1	0	.	.	iuc:iucC
iucC_4	1	0	.	.	iuc:iucC
iucC_5	1	0	.	.	iuc:iucC
iucC_6	1	0	.	.	iuc:iucC
iucC_7	1	0	.	.	iuc:iucC
iucC_8	1	0	.	.	iuc:iucC
iucC_9	1	0	.	.	iuc:iucC
iucC_10	1	0	.	.	iuc:iucC
iucC_11	1	0	.	.	iuc:iucC
iucC_12	1	0	.	.	iuc:iucC
iucC_13	1	0	.	.	iuc:iucC
iucC_14	1	0	.	.	iuc:iucC
iucC_15	1	0	.	.	iuc:iucC
iucC_16	1	0	.	.	iuc:iucC
iucC_17	1	0	.	.	iuc:iucC
iucC_18	1	0	.	.	iuc:iucC
iucC_19	1	0	.	.	iuc:iucC
iucC_20	1	0	.	.	iuc:iucC
iucC_21	1	0	.	.	iuc:iucC
iucC_22	1	0	.	.	iuc:iucC
iucC_23	1	0	.	.	iuc:iucC
iucC_24	1	0	.	.	iuc:iucC
iucC_25	1	0	.	.	iuc:iucC
iucC_26	1	0	.	.	iuc:iucC
iucC_27	1	0	.	.	iuc:iucC
iucC_28	1	0	.	.	iuc:iucC
iucC_29	1	0	.	.	iuc:iucC
iucC_30	1	0	.	.	iuc:iucC
iucC_31	1	0	.	.	iuc:iucC
iucC_32	1	0	.	.	iuc:iucC
iucC_33	1	0	.	.	iuc:iucC
iucC_34	1	0	.	.	iuc:iucC
iucC_35	1	0	.	.	iuc:iucC
iucC_36	1	0	.	.	iuc:iucC
iucC_37	1	0	.	.	iuc:iucC
iucC_38	1	0	.	.	iuc:iucC
iucC_39	1	0	.	.	iuc:iucC
iucC_40	1	0	.	.	iuc:iucC
iucC_41	1	0	.	.	iuc:iucC
iucC_42	1	0	.	.	iuc:iucC
iucC_43	1	0	.	.	iuc:iucC
iucC_44	1	0	.	.	iuc:iucC
iucC_45	1	0	.	.	iuc:iucC
iucC_46	1	0	.	.	iuc:iucC
iucC_47	1	0	.	.	iuc:iucC
iucD_1	1	0	.	.	iuc:iucD
iucD_2	1	0	.	.	iuc:iucD
iucD_3	1	0	.	.	iuc:iucD
iucD_4	1	0	.	.	iuc:iucD
iucD_5	1	0	.	.	iuc:iucD
iucD_6	1	0	.	.	iuc:iucD
iucD_7	1	0	.	.	iuc:iucD
iucD_8	1	0	.	.	iuc:iucD
iucD_9	1	0	.	.	iuc:iucD
iucD_10	1	0	.	.	iuc:iucD
iucD_11	1	0	.	.	iuc:iucD
iucD_12	1	0	.	.	iuc:iucD
iucD_13	1	0	.	.	iuc:iucD
iucD_14	1	0	.	.	iuc:iucD
iucD_15	1	0	.	.	iuc:iucD
iucD_16	1	0	.	.	iuc:iucD
iucD_17	1	0	.	.	iuc:iucD
iucD_18	1	0	.	.	iuc:iucD
iucD_19	1	0	.	.	iuc:iucD
iucD_20	1	0	.	.	iuc:iucD
iucD_21	1	0	.	.	iuc:iucD
iucD_22	1	0	.	.	iuc:iucD
iucD_23	1	0	.	.	iuc:iucD
iucD_24	1	0	.	.	iuc:iucD
iucD_25	1	0	.	.	iuc:iucD
iucD_26	1	0	.	.	iuc:iucD
iucD_27	1	0	.	.	iuc:iucD
iucD_28	1	0	.	.	iuc:iucD
iucD_29	1	0	.	.	iuc:iucD
iucD_30	1	0	.	.	iuc:iucD
iucD_31	1	0	.	.	iuc:iucD
iucD_32	1	0	.	.	iuc:iucD
iucD_33	1	0	.	.	iuc:iucD
iucD_34	1	0	.	.	iuc:iucD
iucD_35	1	0	.	.	iuc:iucD
iucD_36	1	0	.	.	iuc:iucD
iucD_37	1	0	.	.	iuc:iucD
iucD_38	1	0	.	.	iuc:iucD
iucD_39	1	0	.	.	iuc:iucD
iutA_1	1	0	.	.	iuc:iutA
iutA_2	1	0	.	.	iuc:iutA
iutA_3	1	0	.	.	iuc:iutA
iutA_4	1	0	.	.	iuc:iutA
iutA_5	1	0	.	.	iuc:iutA
iutA_6	1	0	.	.	iuc:iutA
iutA_7	1	0	.	.	iuc:iutA
iutA_8	1	0	.	.	iuc:iutA
iutA_9	1	0	.	.	iuc:iutA
iutA_10	1	0	.	.	iuc:iutA
iutA_11	1	0	.	.	iuc:iutA
iutA_12	1	0	.	.	iuc:iutA
iutA_13	1	0	.	.	iuc:iutA
iutA_14	1	0	.	.	iuc:iutA
iutA_15	1	0	.	.	iuc:iutA
iutA_16	1	0	.	.	iuc:iutA
iutA_17	1	0	.	.	iuc:iutA
iutA_21	1	0	.	.	iuc:iutA
iutA_22	1	0	.	.	iuc:iutA
iutA_23	1	0	.	.	iuc:iutA
iutA_24	1	0	.	.	iuc:iutA
iutA_25	1	0	.	.	iuc:iutA
iutA_26	1	0	.	.	iuc:iutA
iutA_27	1	0	.	.	iuc:iutA
iutA_30	1	0	.	.	iuc:iutA
iutA_31	1	0	.	.	iuc:iutA
iutA_32	1	0	.	.	iuc:iutA
iutA_33	1	0	.	.	iuc:iutA
iutA_34	1	0	.	.	iuc:iutA
iutA_35	1	0	.	.	iuc:iutA
iutA_36	1	0	.	.	iuc:iutA
iutA_37	1	0	.	.	iuc:iutA
iutA_38	1	0	.	.	iuc:iutA
iutA_39	1	0	.	.	iuc:iutA
iutA_40	1	0	.	.	iuc:iutA
iutA_46	1	0	.	.	iuc:iutA
iutA_47	1	0	.	.	iuc:iutA
iutA_48	1	0	.	.	iuc:iutA
iutA_49	1	0	.	.	iuc:iutA
iutA_50	1	0	.	.	iuc:iutA
iutA_51	1	0	.	.	iuc:iutA
iutA_52	1	0	.	.	iuc:iutA
iutA_53	1	0	.	.	iuc:iutA
iutA_54	1	0	.	.	iuc:iutA
iutA_56	1	0	.	.	iuc:iutA
iutA_60	1	0	.	.	iuc:iutA
iutA_61	1	0	.	.	iuc:iutA
iutA_80	1	0	.	.	iuc:iutA
iroB_1	1	0	.	.	iro:iroB
iroB_2	1	0	.	.	iro:iroB
iroB_3	1	0	.	.	iro:iroB
iroB_4	1	0	.	.	iro:iroB
iroB_5	1	0	.	.	iro:iroB
iroB_6	1	0	.	.	iro:iroB
iroB_7	1	0	.	.	iro:iroB
iroB_8	1	0	.	.	iro:iroB
iroB_9	1	0	.	.	iro:iroB
iroB_10	1	0	.	.	iro:iroB
iroB_11	1	0	.	.	iro:iroB
iroB_12	1	0	.	.	iro:iroB
iroB_13	1	0	.	.	iro:iroB
iroB_14	1	0	.	.	iro:iroB
iroB_15	1	0	.	.	iro:iroB
iroB_16	1	0	.	.	iro:iroB
iroB_17	1	0	.	.	iro:iroB
iroB_18	1	0	.	.	iro:iroB
iroB_19	1	0	.	.	iro:iroB
iroB_20	1	0	.	.	iro:iroB
iroB_21	1	0	.	.	iro:iroB
iroB_22	1	0	.	.	iro:iroB
iroB_23	1	0	.	.	iro:iroB
iroB_24	1	0	.	.	iro:iroB
iroB_25	1	0	.	.	iro:iroB
iroB_26	1	0	.	.	iro:iroB
iroB_27	1	0	.	.	iro:iroB
iroB_28	1	0	.	.	iro:iroB
iroB_29	1	0	.	.	iro:iroB
iroB_30	1	0	.	.	iro:iroB
iroB_31	1	0	.	.	iro:iroB
iroB_32	1	0	.	.	iro:iroB
iroB_33	1	0	.	.	iro:iroB
iroC_1	1	0	.	.	iro:iroC
iroC_2	1	0	.	.	iro:iroC
iroC_3	1	0	.	.	iro:iroC
iroC_4	1	0	.	.	iro:iroC
iroC_5	1	0	.	.	iro:iroC
iroC_6	1	0	.	.	iro:iroC
iroC_7	1	0	.	.	iro:iroC
iroC_8	1	0	.	.	iro:iroC
iroC_9	1	0	.	.	iro:iroC
iroC_10	1	0	.	.	iro:iroC
iroC_11	1	0	.	.	iro:iroC
iroC_12	1	0	.	.	iro:iroC
iroC_13	1	0	.	.	iro:iroC
iroC_14	1	0	.	.	iro:iroC
iroC_15	1	0	.	.	iro:iroC
iroC_16	1	0	.	.	iro:iroC
iroC_17	1	0	.	.	iro:iroC
iroC_18	1	0	.	.	iro:iroC
iroC_19	1	0	.	.	iro:iroC
iroC_20	1	0	.	.	iro:iroC
iroC_21	1	0	.	.	iro:iroC
iroC_22	1	0	.	.	iro:iroC
iroC_23	1	0	.	.	iro:iroC
iroC_24	1	0	.	.	iro:iroC
iroC_25	1	0	.	.	iro:iroC
iroC_26	1	0	.	.	iro:iroC
iroC_27	1	0	.	.	iro:iroC
iroC_28	1	0	.	.	iro:iroC
iroC_29	1	0	.	.	iro:iroC
iroC_30	1	0	.	.	iro:iroC
iroC_31	1	0	.	.	iro:iroC
iroC_32	1	0	.	.	iro:iroC
iroC_33	1	0	.	.	iro:iroC
iroC_34	1	0	.	.	iro:iroC
iroC_35	1	0	.	.	iro:iroC
iroC_36	1	0	.	.	iro:iroC
iroC_37	1	0	.	.	iro:iroC
iroC_38	1	0	.	.	iro:iroC
iroC_39	1	0	.	.	iro:iroC
iroC_40	1	0	.	.	iro:iroC
iroC_41	1	0	.	.	iro:iroC
iroC_42	1	0	.	.	iro:iroC
iroC_43	1	0	.	.	iro:iroC
iroC_44	1	0	.	.	iro:iroC
iroC_45	1	0	.	.	iro:iroC
iroC_46	1	0	.	.	iro:iroC
iroC_47	1	0	.	.	iro:iroC
iroC_48	1	0	.	.	iro:iroC
iroC_49	1	0	.	.	iro:iroC
iroC_50	1	0	.	.	iro:iroC
iroC_51	1	0	.	.	iro:iroC
iroC_52	1	0	.	.	iro:iroC
iroC_53	1	0	.	.	iro:iroC
iroC_54	1	0	.	.	iro:iroC
iroC_55	1	0	.	.	iro:iroC
iroC_56	1	0	.	.	iro:iroC
iroC_57	1	0	.	.	iro:iroC
iroC_58	1	0	.	.	iro:iroC
iroC_59	1	0	.	.	iro:iroC
iroC_60	1	0	.	.	iro:iroC
iroC_61	1	0	.	.	iro:iroC
iroD_1	1	0	.	.	iro:iroD
iroD_2	1	0	.	.	iro:iroD
iroD_3	1	0	.	.	iro:iroD
iroD_4	1	0	.	.	iro:iroD
iroD_5	1	0	.	.	iro:iroD
iroD_6	1	0	.	.	iro:iroD
iroD_7	1	0	.	.	iro:iroD
iroD_8	1	0	.	.	iro:iroD
iroD_9	1	0	.	.	iro:iroD
iroD_10	1	0	.	.	iro:iroD
iroD_11	1	0	.	.	iro:iroD
iroD_12	1	0	.	.	iro:iroD
iroD_13	1	0	.	.	iro:iroD
iroD_14	1	0	.	.	iro:iroD
iroD_15	1	0	.	.	iro:iroD
iroD_16	1	0	.	.	iro:iroD
iroD_17	1	0	.	.	iro:iroD
iroD_18	1	0	.	.	iro:iroD
iroD_19	1	0	.	.	iro:iroD
iroD_20	1	0	.	.	iro:iroD
iroD_21	1	0	.	.	iro:iroD
iroD_22	1	0	.	.	iro:iroD
iroD_23	1	0	.	.	iro:iroD
iroD_24	1	0	.	.	iro:iroD
iroD_25	1	0	.	.	iro:iroD
iroD_26	1	0	.	.	iro:iroD
iroD_27	1	0	.	.	iro:iroD
iroN_1	1	0	.	.	iro:iroN
iroN_2	1	0	.	.	iro:iroN
iroN_3	1	0	.	.	iro:iroN
iroN_4	1	0	.	.	iro:iroN
iroN_5	1	0	.	.	iro:iroN
iroN_6	1	0	.	.	iro:iroN
iroN_7	1	0	.	.	iro:iroN
iroN_8	1	0	.	.	iro:iroN
iroN_9	1	0	.	.	iro:iroN
iroN_10	1	0	.	.	iro:iroN
iroN_11	1	0	.	.	iro:iroN
iroN_12	1	0	.	.	iro:iroN
iroN_13	1	0	.	.	iro:iroN
iroN_14	1	0	.	.	iro:iroN
iroN_15	1	0	.	.	iro:iroN
iroN_16	1	0	.	.	iro:iroN
iroN_17	1	0	.	.	iro:iroN
iroN_18	1	0	.	.	iro:iroN
iroN_19	1	0	.	.	iro:iroN
iroN_20	1	0	.	.	iro:iroN
iroN_21	1	0	.	.	iro:iroN
iroN_22	1	0	.	.	iro:iroN
iroN_23	1	0	.	.	iro:iroN
iroN_24	1	0	.	.	iro:iroN
iroN_25	1	0	.	.	iro:iroN
iroN_26	1	0	.	.	iro:iroN
iroN_27	1	0	.	.	iro:iroN
iroN_28	1	0	.	.	iro:iroN
iroN_29	1	0	.	.	iro:iroN
iroN_30	1	0	.	.	iro:iroN
iroN_31	1	0	.	.	iro:iroN
iroN_32	1	0	.	.	iro:iroN
iroN_33	1	0	.	.	iro:iroN
iroN_34	1	0	.	.	iro:iroN
iroN_35	1	0	.	.	iro:iroN
iroN_36	1	0	.	.	iro:iroN
rmpA_1	1	0	.	.	rmp:rmpA
rmpA_2	1	0	.	.	rmp:rmpA
rmpA_3	1	0	.	.	rmp:rmpA
rmpA_4	1	0	.	.	rmp:rmpA
rmpA_5	1	0	.	.	rmp:rmpA
rmpA_6	1	0	.	.	rmp:rmpA
rmpA_7	1	0	.	.	rmp:rmpA
rmpA_8	1	0	.	.	rmp:rmpA
rmpA_9	1	0	.	.	rmp:rmpA
rmpA_10	1	0	.	.	rmp:rmpA
rmpA_11	1	0	.	.	rmp:rmpA
rmpA_12	1	0	.	.	rmp:rmpA
rmpA_13	1	0	.	.	rmp:rmpA
rmpA_14	1	0	.	.	rmp:rmpA
rmpA_15	1	0	.	.	rmp:rmpA
rmpA_16	1	0	.	.	rmp:rmpA
rmpA_17	1	0	.	.	rmp:rmpA
rmpA_18	1	0	.	.	rmp:rmpA
rmpA_19	1	0	.	.	rmp:rmpA
rmpA_20	1	0	.	.	rmp:rmpA
rmpA_21	1	0	.	.	rmp:rmpA
rmpA_22	1	0	.	.	rmp:rmpA
rmpA_23	1	0	.	.	rmp:rmpA
rmpA_24	1	0	.	.	rmp:rmpA
rmpA_25	1	0	.	.	rmp:rmpA
rmpA_26	1	0	.	.	rmp:rmpA
rmpA_27	1	0	.	.	rmp:rmpA
rmpA_28	1	0	.	.	rmp:rmpA
rmpA_29	1	0	.	.	rmp:rmpA
rmpA_30	1	0	.	.	rmp:rmpA
rmpA_31	1	0	.	.	rmp:rmpA
rmpA_32	1	0	.	.	rmp:rmpA
rmpA_33	1	0	.	.	rmp:rmpA
rmpA_34	1	0	.	.	rmp:rmpA
rmpA_35	1	0	.	.	rmp:rmpA
rmpA_36	1	0	.	.	rmp:rmpA
rmpA_37	1	0	.	.	rmp:rmpA
rmpA_38	1	0	.	.	rmp:rmpA
rmpA_39	1	0	.	.	rmp:rmpA
rmpA_40	1	0	.	.	rmp:rmpA
rmpA_41	1	0	.	.	rmp:rmpA
rmpA_42	1	0	.	.	rmp:rmpA
rmpA_43	1	0	.	.	rmp:rmpA
rmpA_44	1	0	.	.	rmp:rmpA
rmpA_45	1	0	.	.	rmp:rmpA
rmpA_46	1	0	.	.	rmp:rmpA
rmpA_47	1	0	.	.	rmp:rmpA
rmpA_48	1	0	.	.	rmp:rmpA
rmpA_49	1	0	.	.	rmp:rmpA
rmpA_50	1	0	.	.	rmp:rmpA
rmpA_51	1	0	.	.	rmp:rmpA
rmpA_52	1	0	.	.	rmp:rmpA
rmpA_53	1	0	.	.	rmp:rmpA
rmpA_58	1	0	.	.	rmp:rmpA
rmpA_59	1	0	.	.	rmp:rmpA
rmpA_60	1	0	.	.	rmp:rmpA
rmpA_61	1	0	.	.	rmp:rmpA
rmpA_62	1	0	.	.	rmp:rmpA
rmpA_63	1	0	.	.	rmp:rmpA
rmpA_64	1	0	.	.	rmp:rmpA
rmpA_65	1	0	.	.	rmp:rmpA
rmpA_66	1	0	.	.	rmp:rmpA
rmpA_67	1	0	.	.	rmp:rmpA
rmpA_68	1	0	.	.	rmp:rmpA
rmpA_69	1	0	.	.	rmp:rmpA
rmpA_70	1	0	.	.	rmp:rmpA
rmpA_71	1	0	.	.	rmp:rmpA
rmpA_72	1	0	.	.	rmp:rmpA
rmpA_73	1	0	.	.	rmp:rmpA
rmpA_74	1	0	.	.	rmp:rmpA
rmpA_75	1	0	.	.	rmp:rmpA
rmpA_76	1	0	.	.	rmp:rmpA
rmpA_77	1	0	.	.	rmp:rmpA
rmpA_78	1	0	.	.	rmp:rmpA
rmpA_79	1	0	.	.	rmp:rmpA
rmpA_80	1	0	.	.	rmp:rmpA
rmpA_81	1	0	.	.	rmp:rmpA
rmpA_82	1	0	.	.	rmp:rmpA
rmpA_83	1	0	.	.	rmp:rmpA
rmpA_84	1	0	.	.	rmp:rmpA
rmpA_85	1	0	.	.	rmp:rmpA
rmpA_86	1	0	.	.	rmp:rmpA
rmpA_87	1	0	.	.	rmp:rmpA
rmpA_88	1	0	.	.	rmp:rmpA
rmpA_89	1	0	.	.	rmp:rmpA
rmpA_90	1	0	.	.	rmp:rmpA
rmpA_91	1	0	.	.	rmp:rmpA
rmpA_92	1	0	.	.	rmp:rmpA
rmpA_93	1	0	.	.	rmp:rmpA
rmpA_94	1	0	.	.	rmp:rmpA
rmpA_95	1	0	.	.	rmp:rmpA
rmpA_96	1	0	.	.	rmp:rmpA
rmpA_97	1	0	.	.	rmp:rmpA
rmpC_1	1	0	.	.	rmp:rmpC
rmpC_2	1	0	.	.	rmp:rmpC
rmpC_3	1	0	.	.	rmp:rmpC
rmpC_4	1	0	.	.	rmp:rmpC
rmpC_5	1	0	.	.	rmp:rmpC
rmpC_6	1	0	.	.	rmp:rmpC
rmpC_7	1	0	.	.	rmp:rmpC
rmpC_8	1	0	.	.	rmp:rmpC
rmpC_9	1	0	.	.	rmp:rmpC
rmpC_10	1	0	.	.	rmp:rmpC
rmpC_11	1	0	.	.	rmp:rmpC
rmpC_12	1	0	.	.	rmp:rmpC
rmpC_13	1	0	.	.	rmp:rmpC
rmpC_14	1	0	.	.	rmp:rmpC
rmpC_15	1	0	.	.	rmp:rmpC
rmpC_16	1	0	.	.	rmp:rmpC
rmpC_17	1	0	.	.	rmp:rmpC
rmpC_18	1	0	.	.	rmp:rmpC
rmpC_19	1	0	.	.	rmp:rmpC
rmpC_20	1	0	.	.	rmp:rmpC
rmpC_21	1	0	.	.	rmp:rmpC
rmpC_22	1	0	.	.	rmp:rmpC
rmpC_23	1	0	.	.	rmp:rmpC
rmpC_24	1	0	.	.	rmp:rmpC
rmpC_25	1	0	.	.	rmp:rmpC
rmpC_26	1	0	.	.	rmp:rmpC
rmpC_27	1	0	.	.	rmp:rmpC
rmpC_28	1	0	.	.	rmp:rmpC
rmpC_29	1	0	.	.	rmp:rmpC
rmpC_30	1	0	.	.	rmp:rmpC
rmpC_31	1	0	.	.	rmp:rmpC
rmpC_32	1	0	.	.	rmp:rmpC
rmpC_33	1	0	.	.	rmp:rmpC
rmpC_34	1	0	.	.	rmp:rmpC
rmpC_35	1	0	.	.	rmp:rmpC
rmpC_36	1	0	.	.	rmp:rmpC
rmpC_37	1	0	.	.	rmp:rmpC
rmpC_38	1	0	.	.	rmp:rmpC
rmpC_39	1	0	.	.	rmp:rmpC
rmpC_40	1	0	.	.	rmp:rmpC
rmpC_41	1	0	.	.	rmp:rmpC
rmpC_42	1	0	.	.	rmp:rmpC
rmpC_43	1	0	.	.	rmp:rmpC
rmpC_44	1	0	.	.	rmp:rmpC
rmpC_45	1	0	.	.	rmp:rmpC
rmpD_1	1	0	.	.	rmp:rmpD
rmpD_2	1	0	.	.	rmp:rmpD
rmpD_3	1	0	.	.	rmp:rmpD
rmpD_4	1	0	.	.	rmp:rmpD
rmpD_5	1	0	.	.	rmp:rmpD
rmpD_6	1	0	.	.	rmp:rmpD
rmpD_7	1	0	.	.	rmp:rmpD
rmpD_8	1	0	.	.	rmp:rmpD
rmpD_9	1	0	.	.	rmp:rmpD
rmpD_10	1	0	.	.	rmp:rmpD
rmpD_11	1	0	.	.	rmp:rmpD
rmpD_12	1	0	.	.	rmp:rmpD
rmpD_13	1	0	.	.	rmp:rmpD
rmpD_14	1	0	.	.	rmp:rmpD
rmpD_15	1	0	.	.	rmp:rmpD
rmpD_16	1	0	.	.	rmp:rmpD
rmpD_17	1	0	.	.	rmp:rmpD
rmpD_18	1	0	.	.	rmp:rmpD
rmpD_19	1	0	.	.	rmp:rmpD
rmpD_20	1	0	.	.	rmp:rmpD
rmpD_21	1	0	.	.	rmp:rmpD
rmpD_22	1	0	.	.	rmp:rmpD
rmpD_23	1	0	.	.	rmp:rmpD
rmpD_24	1	0	.	.	rmp:rmpD
rmpD_25	1	0	.	.	rmp:rmpD
rmpD_26	1	0	.	.	rmp:rmpD
rmpD_27	1	0	.	.	rmp:rmpD
rmpD_28	1	0	.	.	rmp:rmpD
rmpD_29	1	0	.	.	rmp:rmpD
rmpD_30	1	0	.	.	rmp:rmpD
rmpD_31	1	0	.	.	rmp:rmpD
rmpD_32	1	0	.	.	rmp:rmpD
rmpD_33	1	0	.	.	rmp:rmpD
rmpD_34	1	0	.	.	rmp:rmpD
rmpD_35	1	0	.	.	rmp:rmpD
rmpD_36	1	0	.	.	rmp:rmpD
rmpD_37	1	0	.	.	rmp:rmpD
rmpD_38	1	0	.	.	rmp:rmpD
rmpD_39	1	0	.	.	rmp:rmpD
rmpD_40	1	0	.	.	rmp:rmpD
rmpD_41	1	0	.	.	rmp:rmpD
rmpD_42	1	0	.	.	rmp:rmpD
rmpD_43	1	0	.	.	rmp:rmpD
rmpD_44	1	0	.	.	rmp:rmpD
rmpD_45	1	0	.	.	rmp:rmpD
rmpD_46	1	0	.	.	rmp:rmpD
rmpD_47	1	0	.	.	rmp:rmpD
rmpD_48	1	0	.	.	rmp:rmpD
rmpD_49	1	0	.	.	rmp:rmpD
rmpD_50	1	0	.	.	rmp:rmpD
rmpD_51	1	0	.	.	rmp:rmpD
rmpD_52	1	0	.	.	rmp:rmpD
rmpD_53	1	0	.	.	rmp:rmpD
rmpD_54	1	0	.	.	rmp:rmpD
rmpD_55	1	0	.	.	rmp:rmpD
rmpD_56	1	0	.	.	rmp:rmpD
rmpD_57	1	0	.	.	rmp:rmpD
rmpD_58	1	0	.	.	rmp:rmpD
rmpD_59	1	0	.	.	rmp:rmpD
rmpD_60	1	0	.	.	rmp:rmpD
rmpD_61	1	0	.	.	rmp:rmpD
rmpD_62	1	0	.	.	rmp:rmpD
rmpD_63	1	0	.	.	rmp:rmpD
rmpD_64	1	0	.	.	rmp:rmpD
rmpD_65	1	0	.	.	rmp:rmpD
rmpD_66	1	0	.	.	rmp:rmpD
rmpD_67	1	0	.	.	rmp:rmpD
rmpD_68	1	0	.	.	rmp:rmpD
rmpD_69	1	0	.	.	rmp:rmpD
rmpD_70	1	0	.	.	rmp:rmpD
rmpD_71	1	0	.	.	rmp:rmpD
rmpD_72	1	0	.	.	rmp:rmpD
rmpD_73	1	0	.	.	rmp:rmpD
rmpD_74	1	0	.	.	rmp:rmpD
rmpD_75	1	0	.	.	rmp:rmpD
rmpD_76	1	0	.	.	rmp:rmpD
rmpD_77	1	0	.	.	rmp:rmpD
rmpA2_1	1	0	.	.	rmp:rmpA2
rmpA2_2	1	0	.	.	rmp:rmpA2
rmpA2_3	1	0	.	.	rmp:rmpA2
rmpA2_4	1	0	.	.	rmp:rmpA2
rmpA2_5	1	0	.	.	rmp:rmpA2
rmpA2_6	1	0	.	.	rmp:rmpA2
rmpA2_7	1	0	.	.	rmp:rmpA2
rmpA2_8	1	0	.	.	rmp:rmpA2
rmpA2_9	1	0	.	.	rmp:rmpA2
delete_rmpA_1	1	0	.	.	rmp:delete_rmpA
delete_rmpA_2	1	0	.	.	rmp:delete_rmpA
delete_rmpA_3	1	0	.	.	rmp:delete_rmpA
delete_rmpA_4	1	0	.	.	rmp:delete_rmpA
delete_rmpA_5	1	0	.	.	rmp:delete_rmpA
delete_rmpA_6	1	0	.	.	rmp:delete_rmpA
delete_rmpA_7	1	0	.	.	rmp:delete_rmpA
delete_rmpA_8	1	0	.	.	rmp:delete_rmpA
delete_rmpA_9	1	0	.	.	rmp:delete_rmpA
delete_rmpA_10	1	0	.	.	rmp:delete_rmpA
delete_rmpA_11	1	0	.	.	rmp:delete_rmpA
delete_rmpA_12	1	0	.	.	rmp:delete_rmpA
delete_rmpA_13	1	0	.	.	rmp:delete_rmpA
delete_rmpA_14	1	0	.	.	rmp:delete_rmpA
delete_rmpA_15	1	0	.	.	rmp:delete_rmpA
delete_rmpA_16	1	0	.	.	rmp:delete_rmpA
delete_rmpA_17	1	0	.	.	rmp:delete_rmpA
delete_rmpA_18	1	0	.	.	rmp:delete_rmpA
delete_rmpA_19	1	0	.	.	rmp:delete_rmpA
delete_rmpA_20	1	0	.	.	rmp:delete_rmpA
delete_rmpA_21	1	0	.	.	rmp:delete_rmpA
delete_rmpA_22	1	0	.	.	rmp:delete_rmpA
delete_rmpA_23	1	0	.	.	rmp:delete_rmpA
delete_rmpA_24	1	0	.	.	rmp:delete_rmpA
delete_rmpA_25	1	0	.	.	rmp:delete_rmpA
delete_rmpA_26	1	0	.	.	rmp:delete_rmpA
delete_rmpA_27	1	0	.	.	rmp:delete_rmpA
delete_rmpA_28	1	0	.	.	rmp:delete_rmpA
delete_rmpA_29	1	0	.	.	rmp:delete_rmpA
delete_rmpA_30	1	0	.	.	rmp:delete_rmpA
delete_rmpA_31	1	0	.	.	rmp:delete_rmpA
delete_rmpA_32	1	0	.	.	rmp:delete_rmpA
delete_rmpA_33	1	0	.	.	rmp:delete_rmpA
delete_rmpA_34	1	0	.	.	rmp:delete_rmpA
delete_rmpA_35	1	0	.	.	rmp:delete_rmpA
delete_rmpA_36	1	0	.	.	rmp:delete_rmpA
delete_rmpA_37	1	0	.	.	rmp:delete_rmpA
delete_rmpA_38	1	0	.	.	rmp:delete_rmpA
delete_rmpA_39	1	0	.	.	rmp:delete_rmpA
delete_rmpA_40	1	0	.	.	rmp:delete_rmpA
delete_rmpA_41	1	0	.	.	rmp:delete_rmpA
delete_rmpA_42	1	0	.	.	rmp:delete_rmpA
delete_rmpA_43	1	0	.	.	rmp:delete_rmpA
delete_rmpA_44	1	0	.	.	rmp:delete_rmpA
delete_rmpA_45	1	0	.	.	rmp:delete_rmpA
delete_rmpA_46	1	0	.	.	rmp:delete_rmpA
delete_rmpA_47	1	0	.	.	rmp:delete_rmpA
delete_rmpA_48	1	0	.	.	rmp:delete_rmpA
delete_rmpA_49	1	0	.	.	rmp:delete_rmpA
delete_rmpA_50	1	0	.	.	rmp:delete_rmpA
delete_rmpA_51	1	0	.	.	rmp:delete_rmpA
delete_rmpA_52	1	0	.	.	rmp:delete_rmpA
